FID,OID_,pointID,lat,lon,airport__1,airport__2,health_c_2,health_c_3,ncov_dea_1,ncov_cas_1,ncov_rec_1,china_pop_
0,0,801,44.658771,81.06347,0.159999996,0.831285,2.487440109,0,0,0,0,0.667059004
1,0,9,22.658771,100.06347,0.400000006,0.831285,0.831285,0.720000029,0,0,0,17.2241993
2,0,10,22.658771,101.06347,0.360000014,0.426777005,0.375,1.159999967,0,0,0,11.93729973
3,0,21,23.658771,99.06347,0.479999989,0.758062005,0.603552997,3.960000038,0,0,0,6.459430218
4,0,22,23.658771,100.06347,0.400000006,0.426777005,0.426777005,2.839999914,0,6.159999847,1.039999962,1357.180054
5,0,23,23.658771,101.06347,0.239999995,0.831285,0.426777005,1.120000005,0,12.31999969,2.079999924,36.51499939
6,0,40,24.658771,98.06347,0.400000006,0.25,0.125,6.199999809,0,0,0,9.448040009
7,0,41,24.658771,99.06347,0.720000029,0.375,0.125,17.55999947,0,0,0,21.89080048
8,0,42,24.658771,100.06347,0.479999989,0.551777005,0.551777005,24.12000084,0,12.31999969,2.079999924,11.37930012
9,0,43,24.658771,101.06347,0.239999995,1.089349985,0.831285,18,0,24.63999939,4.159999847,5.47811985
10,0,61,25.658771,99.06347,0.519999981,0.831285,0.25,17.87999916,0,0,0,25.30039978
11,0,62,25.658771,100.06347,0.400000006,0.426777005,0.25,26.12000084,0,12.31999969,2.079999924,5.454919815
12,0,63,25.658771,101.06347,0.400000006,0.728552997,0.375,21,0,24.63999939,4.159999847,4.562819958
13,0,82,26.658771,99.06347,0.200000003,1.278349996,0.676777005,8.119999886,0,0,0,9.447110176
14,0,83,26.658771,100.06347,0.319999993,0.426777005,0.125,13.80000019,0,0,0,74.49459839
15,0,84,26.658771,101.06347,0.479999989,0.603552997,0.25,13.19999981,0,0,0,42.6228981
16,0,104,27.658771,89.06347,-9999,-9999,-9999,-9999,-9999,-9999,-9999,-9999
17,0,105,27.658771,99.06347,0.239999995,0.831285,0.25,2.200000048,0,0,0,5.975619793
18,0,106,27.658771,100.06347,0.319999993,0.375,0.375,2.680000067,0,0,0,2.392889977
19,0,107,27.658771,101.06347,0.400000006,0.956285,0.801777005,2.75999999,0,0,0,2.231110096
20,0,127,28.658771,86.06347,0,4.815360069,0.831285,0.159999996,0,0,0,1.389860034
21,0,128,28.658771,87.06347,0,3.832459927,1.616260052,0,0,0,0,0.782473028
22,0,129,28.658771,88.06347,0,2.861439943,1.089349985,0.200000003,0,0,0,1.35374999
23,0,130,28.658771,89.06347,0,1.920379996,0.831285,0.319999993,0,0,0,4.187339783
24,0,131,28.658771,90.06347,0.159999996,1.089349985,0.831285,0.680000007,0,0,0,0.556192994
25,0,132,28.658771,91.06347,0.159999996,0.831285,0.831285,1.120000005,0,0,0,0.772821009
26,0,133,28.658771,92.06347,0.079999998,1.479040027,0.426777005,1.039999962,0,0,0,2.604079962
27,0,134,28.658771,93.06347,0.079999998,1.479040027,0.831285,0.280000001,0,0,0,1.83912003
28,0,135,28.658771,97.06347,0,1.785670042,1.574530005,0.039999999,0,0,0,2.054840088
29,0,136,28.658771,98.06347,0,1.756649971,0.831285,0.560000002,0,0,0,0
30,0,137,28.658771,99.06347,0.159999996,1.089349985,0.426777005,1.399999976,0,0,0,4.806310177
31,0,138,28.658771,100.06347,0.159999996,0.831285,0.375,1.279999971,0,0,0,0.674914002
32,0,139,28.658771,101.06347,0.159999996,1.266119957,0.801777005,1.279999971,0,0,0,12.25590038
33,0,162,29.658771,85.06347,0,5.76086998,0.801777005,0.239999995,0,0.079999998,0.079999998,0.273270011
34,0,163,29.658771,86.06347,0,4.763160229,1.089349985,0.159999996,0,0,0,0
35,0,164,29.658771,87.06347,0,3.766669989,1.616260052,0,0,0,0,2.084409952
36,0,165,29.658771,88.06347,0,2.772720098,0.831285,0.239999995,0,0,0,1.897269964
37,0,166,29.658771,89.06347,0,1.785670042,0.25,0.400000006,0,0,0,2.22145009
38,0,167,29.658771,90.06347,0.159999996,0.831285,0.375,1.039999962,0,0,0,4.090380192
39,0,168,29.658771,91.06347,0.159999996,0.426777005,0.25,1.679999948,0,0,0,75.04060364
40,0,169,29.658771,92.06347,0.079999998,1.299790025,0.426777005,1.600000024,0,0,0,0.452560008
41,0,170,29.658771,93.06347,0.079999998,1.299790025,0.985794008,0.319999993,0,0,0,3.766489983
42,0,171,29.658771,94.06347,0.159999996,0.426777005,0.426777005,0.239999995,0,0,0,11.36919975
43,0,172,29.658771,95.06347,0.159999996,0.831285,0.426777005,0.479999989,0,0,0,0
44,0,173,29.658771,96.06347,0.079999998,1.403349996,0.426777005,0.680000007,0,0,0,32.75960159
45,0,174,29.658771,97.06347,0.159999996,0.831285,1.154510021,0.800000012,0,0,0,0.72190398
46,0,175,29.658771,98.06347,0.159999996,1.089349985,1.266119957,0.800000012,0,0,0,10.30070019
47,0,176,29.658771,99.06347,0,1.756649971,1.154510021,0.239999995,0,0,0,1.231109977
48,0,177,29.658771,100.06347,0,1.785670042,0.426777005,0.360000014,0,0,0,2.73458004
49,0,178,29.658771,101.06347,0,2.019419909,0.603552997,1.600000024,0,0,0,1.389860034
50,0,204,30.658771,85.06347,0,5.889619827,1.458760023,0.079999998,0,0,0,0.226280004
51,0,205,30.658771,86.06347,0,4.918089867,1.920379996,0,0,0,0,0.773720026
52,0,206,30.658771,87.06347,0,3.960760117,2.136349916,0,0,0.039999999,0.039999999,1
53,0,207,30.658771,88.06347,0,3.031110048,1.43730998,0.159999996,0,0.079999998,0.079999998,1.461310029
54,0,208,30.658771,89.06347,0,2.165040016,0.831285,0.280000001,0,0.079999998,0.079999998,1.218430042
55,0,209,30.658771,90.06347,0.079999998,1.479040027,1.059839964,0.879999995,0,0,0,0.273270011
56,0,210,30.658771,91.06347,0.079999998,1.299790025,0.831285,1.360000014,0,0,0,2.592710018
57,0,211,30.658771,92.06347,0.039999999,1.785269976,1.089349985,1.279999971,0,0,0,0.273270011
58,0,212,30.658771,93.06347,0.039999999,1.785269976,1.43730998,0.119999997,0,0,0,0.448632985
59,0,213,30.658771,94.06347,0.079999998,1.299790025,0.831285,0.239999995,0,0,0,1.05182004
60,0,214,30.658771,95.06347,0.079999998,1.479040027,0.831285,0.479999989,0,0,0,3.285340071
61,0,215,30.658771,96.06347,0.079999998,1.299790025,0.801777005,1.039999962,0,0,0,4.770689964
62,0,216,30.658771,97.06347,0.159999996,0.426777005,0.426777005,1.519999981,0,0,0,4.348840237
63,0,217,30.658771,98.06347,0.159999996,0.831285,0.758062005,1.75999999,0,0,0,3.003030062
64,0,218,30.658771,99.06347,0,1.785670042,0.831285,0.839999974,0,0,0,0.678840995
65,0,219,30.658771,100.06347,0,2.660099983,0.603552997,0.879999995,0,0,0,0
66,0,220,30.658771,101.06347,0,2.695869923,0.728552997,2.279999971,0,0,0,0.226280004
67,0,247,31.658771,85.06347,0,6.049429893,2.165040016,0,0,0,0,0
68,0,248,31.658771,86.06347,0,5.261889935,2.795819998,0,0,0,0,0
69,0,249,31.658771,87.06347,0,4.380350113,2.839600086,0,0,0.079999998,0.079999998,0
70,0,250,31.658771,88.06347,0,3.561939955,2.165040016,0,0,0.159999996,0.159999996,1.16268003
71,0,251,31.658771,89.06347,0,2.861370087,1.785670042,0,0,0.159999996,0.159999996,0
72,0,252,31.658771,90.06347,0,2.384929895,1.756649971,0,0,0,0,1.32901001
73,0,253,31.658771,91.06347,0,2.277770042,1.089349985,0.159999996,0,0,0,0.226280004
74,0,254,31.658771,92.06347,0,2.586030006,0.831285,0.159999996,0,0,0,3.705300093
75,0,255,31.658771,93.06347,0,2.586030006,1.479040027,0.079999998,0,0,0,3.22145009
76,0,256,31.658771,94.06347,0,2.277770042,1.785670042,0,0,0,0,4.091279984
77,0,257,31.658771,95.06347,0,2.270800114,1.736369967,0,0,0,0,2.908960104
78,0,258,31.658771,96.06347,0.079999998,1.60848999,1.28757,0.800000012,0,0,0,2.829740047
79,0,259,31.658771,97.06347,0.159999996,1.059020042,0.801777005,1.639999986,0,0,0,1.678840041
80,0,260,31.658771,98.06347,0.159999996,1.266119957,0.676777005,2.119999886,0,0,0,1.546540022
81,0,261,31.658771,99.06347,0,2.019419909,0.25,1.159999967,0,0,0,0
82,0,262,31.658771,100.06347,0,2.927429914,0.25,1.039999962,0,0,0,1.491700053
83,0,263,31.658771,101.06347,0,2.927429914,0.603552997,1.600000024,0,0,0,1.616140008
84,0,289,32.658771,85.06347,0,5.261899948,3.031110048,0,0,0,0,0
85,0,290,32.658771,86.06347,0,5.263740063,3.561939955,0,0,0,0,0
86,0,291,32.658771,87.06347,0,4.944920063,3.561939955,0,0,0.079999998,0.079999998,0
87,0,292,32.658771,88.06347,0,4.264679909,3.031110048,0,0,0.159999996,0.159999996,0
88,0,293,32.658771,89.06347,0,3.699670076,2.660099983,0,0,0.159999996,0.159999996,0
89,0,294,32.658771,90.06347,0,3.344810009,1.785670042,0,0,0,0,0.222352996
90,0,295,32.658771,91.06347,0,3.269229889,0.831285,0.159999996,0,0,0,0.717975974
91,0,296,32.658771,92.06347,0,3.491080046,0.426777005,0.159999996,0,0,0,1.273270011
92,0,297,32.658771,93.06347,0,3.491080046,1.299790025,0.079999998,0,0,0,0.667059004
93,0,298,32.658771,94.06347,0,3.135349989,2.265389919,0,0,0,0,1.726729989
94,0,299,32.658771,95.06347,0,2.277770042,1.785670042,0,0,0,0,0
95,0,300,32.658771,96.06347,0.079999998,1.299790025,0.831285,0.159999996,0,0,0,3.937580109
96,0,301,32.658771,97.06347,0.159999996,0.426777005,0.426777005,0.400000006,0,0,0,2.529030085
97,0,302,32.658771,98.06347,0.159999996,0.831285,0.25,0.800000012,0,0,0,0.551366985
98,0,303,32.658771,99.06347,0,1.785670042,0.676777005,1.039999962,0,0,0,0
99,0,304,32.658771,100.06347,0,2.772720098,0.831285,0.920000017,0,0,0,1.560119987
100,0,305,32.658771,101.06347,0,2.772720098,0.655330002,1.159999967,0,0,0,5.609749794
101,0,331,33.658771,85.06347,0,4.264709949,3.86977005,0,0,0,0,0.500450015
102,0,332,33.658771,86.06347,0,4.322919846,4.121630192,0,0,0,0,0
103,0,333,33.658771,87.06347,0,4.603000164,4.269110203,0,0,0,0,0
104,0,334,33.658771,88.06347,0,4.858500004,3.881959915,0,0,0,0,0
105,0,335,33.658771,89.06347,0,4.603000164,3.031110048,0,0,0,0,0
106,0,336,33.658771,90.06347,0,4.322929859,2.165040016,0,0,0,0,0
107,0,337,33.658771,91.06347,0,4.208069801,1.479040027,0.079999998,0,0,0,0.448632985
108,0,338,33.658771,92.06347,0,3.867219925,1.299790025,0.079999998,0,0,0,0.222352996
109,0,339,33.658771,93.06347,0,3.269170046,1.785269976,0.039999999,0,0,0,0.27809599
110,0,340,33.658771,94.06347,0,2.861439943,2.494539976,0,0,0,0,1.820709944
111,0,341,33.658771,95.06347,0,2.336780071,1.920379996,0,0,0,0,0
112,0,342,33.658771,96.06347,0.079999998,1.479040027,1.089349985,0.159999996,0,0,0,0
113,0,343,33.658771,97.06347,0.159999996,0.831285,0.831285,0.400000006,0,0,0,2.107559919
114,0,344,33.658771,98.06347,0.159999996,1.089349985,0.75,0.400000006,0,0,0,1.768890023
115,0,345,33.658771,99.06347,0,1.920379996,1.089349985,0.239999995,0,0,0,2.453459978
116,0,346,33.658771,100.06347,0,2.799740076,1.299790025,0.079999998,0,0,0,1.786399961
117,0,347,33.658771,101.06347,0,2.708250046,0.426777005,0.319999993,0,0,0,0.725830972
118,0,373,34.658771,85.06347,0,3.269229889,3.269229889,0,0,0,0,0
119,0,374,34.658771,86.06347,0,3.344810009,3.344810009,0,0,0,0,0
120,0,375,34.658771,87.06347,0,3.699670076,3.699670076,0,0,0,0,0
121,0,376,34.658771,88.06347,0,4.264679909,4.067140102,0,0,0,0,0
122,0,377,34.658771,89.06347,0,4.944920063,3.537630081,0,0,0,0,0
123,0,378,34.658771,90.06347,0,4.996749878,2.861370087,0,0,0,0,0.504377007
124,0,379,34.658771,91.06347,0,4.1457901,2.384929895,0,0,0,0,0
125,0,380,34.658771,92.06347,0,3.269170046,2.277770042,0,0,0,0,0
126,0,381,34.658771,93.06347,0,2.487440109,2.586030006,0,0,0,0,0.444705993
127,0,382,34.658771,94.06347,0,1.920379996,3.036760092,0,0,0,0,0.444705993
128,0,383,34.658771,95.06347,0,1.785670042,2.487440109,0,0,1.440000057,0.720000029,0.546540022
129,0,384,34.658771,96.06347,0,1.962049961,1.920379996,0,0,1.440000057,0.720000029,0.556192994
130,0,385,34.658771,97.06347,0,1.785670042,1.785670042,0,0,0.720000029,0.360000014,1.390480042
131,0,386,34.658771,98.06347,0,1.920379996,1.75,0,0,0,0,0.273270011
132,0,387,34.658771,99.06347,0,2.487440109,1.891700029,0,0,0,0,0.27809599
133,0,388,34.658771,100.06347,0,2.487440109,1.65023005,0.039999999,0,0,0,0.273270011
134,0,389,34.658771,101.06347,0,1.920379996,1.279510021,0.079999998,0,0,0,1
135,0,416,35.658771,85.06347,0,2.277770042,2.277770042,0,0,0,0,0
136,0,417,35.658771,86.06347,0,2.384929895,2.384929895,0,0,0,0,0
137,0,418,35.658771,87.06347,0,2.861370087,2.861370087,0,0,0,0,0
138,0,419,35.658771,88.06347,0,3.561939955,3.386049986,0,0,0,0,0
139,0,420,35.658771,89.06347,0,4.380350113,3.031110048,0,0,0,0,0
140,0,421,35.658771,90.06347,0,4.790229797,2.772720098,0,0,0,0,0
141,0,422,35.658771,91.06347,0,3.832459927,2.831209898,0,0,0,0,0
142,0,423,35.658771,92.06347,0,2.861439943,3.039599895,0,0,0,0,0
143,0,424,35.658771,93.06347,0,1.920379996,3.464950085,0,0,0,0,0
144,0,425,35.658771,94.06347,0.159999996,1.089349985,3.769330025,0,0,0,0,0.546540022
145,0,426,35.658771,95.06347,0.159999996,0.831285,3.269170046,0,0,2.880000114,1.440000057,0
146,0,427,35.658771,96.06347,0.079999998,1.479040027,2.829960108,0,0,2.880000114,1.440000057,0
147,0,428,35.658771,97.06347,0,2.336780071,2.405329943,0,0,1.440000057,0.720000029,0.226280004
148,0,429,35.658771,98.06347,0,2.861439943,1.920379996,0,0,0,0,0.222352996
149,0,430,35.658771,99.06347,0,2.799740076,1.720980048,0,0,0,0,0.551366985
150,0,431,35.658771,100.06347,0,1.920379996,1.089349985,0.159999996,0,0,0,29.79389954
151,0,432,35.658771,101.06347,0.159999996,1.089349985,0.831285,0.959999979,0,0,0,2.00090003
152,0,3,19.658771,110.06347,-9999,-9999,-9999,-9999,-9999,-9999,-9999,367.4559937
153,0,4,20.658771,110.06347,-9999,-9999,-9999,-9999,-9999,-9999,-9999,403.8880005
154,0,5,21.658771,108.06347,-9999,-9999,-9999,-9999,-9999,-9999,-9999,216.2250061
155,0,6,21.658771,109.06347,-9999,-9999,-9999,-9999,-9999,-9999,-9999,-9999
156,0,7,21.658771,110.06347,-9999,-9999,-9999,-9999,-9999,-9999,-9999,349.7430115
157,0,8,21.658771,111.06347,0.159999996,0.831285,0.25,8.159999847,0,0,0,386.2839966
158,0,11,22.658771,102.06347,0.159999996,1.299790025,0.375,2.799999952,0,0,0,6.817490101
159,0,12,22.658771,103.06347,0,2.168149948,0.375,2.880000114,0,0,0,95.81990051
160,0,13,22.658771,107.06347,0.159999996,1.154510021,0.676777005,7.880000114,0,0,0,232.098999
161,0,14,22.658771,108.06347,0.239999995,0.426777005,0.426777005,13.43999958,0.079999998,17.76000023,2.559999943,83.00250244
162,0,15,22.658771,109.06347,0.280000001,0.831285,0.5,13.43999958,0.079999998,17.76000023,2.559999943,50.20130157
163,0,16,22.658771,110.06347,0.239999995,1.204300046,0.25,5.039999962,0.039999999,8.880000114,1.279999971,1569.380005
164,0,17,22.658771,111.06347,0.239999995,0.831285,0.125,9.56000042,0,0,0,15.03460026
165,0,18,22.658771,112.06347,0.400000006,0.985794008,0.125,49.24000168,0.079999998,98.31999969,22.15999985,66.67590332
166,0,19,22.658771,113.06347,0.479999989,0.426777005,0,94,0.239999995,200.6399994,44.40000153,185.9160004
167,0,20,22.658771,114.06347,0.479999989,0.831285,0,84.63999939,0.319999993,204.6399994,44.47999954,2576.780029
168,0,24,23.658771,102.06347,0.159999996,1.307860017,0.551777005,17.04000092,0,12.31999969,2.079999924,2.348929882
169,0,25,23.658771,103.06347,0.079999998,1.299790025,0.125,17.47999954,0,0,0,58.38359833
170,0,26,23.658771,104.06347,0.119999997,1.479040027,0.375,9.479999542,0,0,0,139.2089996
171,0,27,23.658771,105.06347,0.079999998,1.299790025,0.375,1.639999986,0,0,0,138.048996
172,0,28,23.658771,106.06347,0.200000003,0.831285,0.25,3.039999962,0,0,0,62.65840149
173,0,29,23.658771,107.06347,0.200000003,0.426777005,0.125,8.56000042,0,0,0,108.7699966
174,0,30,23.658771,108.06347,0.239999995,1.059020042,0.676777005,13.52000046,0.159999996,35.52000046,5.119999886,535.4580078
175,0,31,23.658771,109.06347,0.280000001,0.831285,0.655330002,13.19999981,0.159999996,35.52000046,5.119999886,35.62960052
176,0,32,23.658771,110.06347,0.319999993,0.956285,0.426777005,4.159999847,0.079999998,17.76000023,2.559999943,16.88640022
177,0,33,23.658771,111.06347,0.239999995,0.426777005,0.426777005,7.119999886,0,0,0,31.42880058
178,0,34,23.658771,112.06347,0.319999993,0.831285,0.551777005,44.36000061,0.079999998,97.91999817,22.07999992,61.47930145
179,0,35,23.658771,113.06347,0.319999993,0.426777005,0,83.23999786,0.200000003,197.8399963,44.20000076,586.1480103
180,0,36,23.658771,114.06347,0.319999993,0.831285,0.125,74.95999908,0.239999995,199.8399963,44.24000168,7.076069832
181,0,37,23.658771,115.06347,0.079999998,1.403349996,0.676777005,10.84000015,0.079999998,4,0.079999998,68.62560272
182,0,38,23.658771,116.06347,0.319999993,0.676777005,0.426777005,11.39999962,0,0,0,3.928550005
183,0,39,23.658771,117.06347,0.400000006,0.426777005,0.125,13.88000011,0,0,0,-9999
184,0,44,24.658771,102.06347,0.159999996,0.831285,0.25,29.87999916,0,24.63999939,4.159999847,17.40460014
185,0,45,24.658771,103.06347,0.159999996,0.426777005,0.375,30.71999931,0,0,0,19.5977993
186,0,46,24.658771,104.06347,0.239999995,0.831285,0.655330002,15.56000042,0,0,0,736.6090088
187,0,47,24.658771,105.06347,0.159999996,0.426777005,0.831285,1.120000005,0,0,0,34.19779968
188,0,48,24.658771,106.06347,0.239999995,0.985794008,0.831285,2.039999962,0,0,0,3.59262991
189,0,49,24.658771,107.06347,0.319999993,0.728552997,0.676777005,2.75999999,0,0,0,32.16500092
190,0,50,24.658771,108.06347,0.319999993,0.801777005,0.426777005,3.079999924,0.159999996,35.52000046,5.119999886,220.7299957
191,0,51,24.658771,109.06347,0.319999993,0.426777005,0.25,4.519999981,0.159999996,35.52000046,5.119999886,238.9290009
192,0,52,24.658771,110.06347,0.360000014,0.375,0.375,6.320000172,0.079999998,17.76000023,2.559999943,6.774050236
193,0,53,24.658771,111.06347,0.239999995,0.801777005,0.25,4.519999981,0,0,0,10.11470032
194,0,54,24.658771,112.06347,0.119999997,1.458760023,0.551777005,6.239999771,0.039999999,48.75999832,11,11.53349972
195,0,55,24.658771,113.06347,0.079999998,1.299790025,0.25,10.64000034,0.079999998,97.51999664,22,4.21009016
196,0,56,24.658771,114.06347,0.159999996,1.266119957,0.375,13.11999989,0.079999998,97.51999664,22,31.32819939
197,0,57,24.658771,115.06347,0.159999996,1.154510021,0.676777005,5.639999866,0,0,0,41.83679962
198,0,58,24.658771,116.06347,0.360000014,0.426777005,0.426777005,10.19999981,0,0,0,6.894649982
199,0,59,24.658771,117.06347,0.400000006,0.831285,0.25,11.35999966,0,21.76000023,4.239999771,91.19580078
200,0,60,24.658771,118.06347,0.400000006,0.426777005,0.125,11.52000046,0,21.76000023,4.239999771,170.3650055
201,0,64,25.658771,102.06347,0.319999993,0.728552997,0.551777005,30.95999908,0,24.63999939,4.159999847,7.0854702
202,0,65,25.658771,103.06347,0.239999995,0.831285,0.551777005,31.20000076,0,0,0,12.83959961
203,0,66,25.658771,104.06347,0.239999995,1.089349985,0.25,15.47999954,0,0,0,185.4689941
204,0,67,25.658771,105.06347,0.159999996,0.831285,0.956285,0.560000002,0,0,0,73.69219971
205,0,68,25.658771,106.06347,0.239999995,1.015300035,0.831285,2.559999943,0.079999998,10.64000034,1.440000057,28.93729973
206,0,69,25.658771,107.06347,0.319999993,0.676777005,0.426777005,3.599999905,0.079999998,10.64000034,1.440000057,27.27129936
207,0,70,25.658771,108.06347,0.360000014,0.426777005,0.25,3.160000086,0.039999999,5.320000172,0.720000029,35.18920135
208,0,71,25.658771,109.06347,0.400000006,0.801777005,0.676777005,3.519999981,0,0,0,20.84630013
209,0,72,25.658771,110.06347,0.400000006,0.728552997,0.25,5.079999924,0,0,0,227.0299988
210,0,73,25.658771,111.06347,0.239999995,1.015300035,0.603552997,4.559999943,0,0,0,141.2949982
211,0,74,25.658771,112.06347,0.079999998,1.299790025,0.375,2.75999999,0,0,0,411.6180115
212,0,75,25.658771,113.06347,0.039999999,1.574530005,0.125,3.519999981,0,0,0,42.74380112
213,0,76,25.658771,114.06347,0.239999995,0.831285,0.426777005,8.840000153,0,0,0,15.86540031
214,0,77,25.658771,115.06347,0.280000001,0.426777005,0.25,7.440000057,0,0,0,185.8009949
215,0,78,25.658771,116.06347,0.360000014,0.831285,0.426777005,4.400000095,0,0,0,2.226279974
216,0,79,25.658771,117.06347,0.280000001,0.426777005,0.125,3.160000086,0,43.52000046,8.479999542,1.731559992
217,0,80,25.658771,118.06347,0.319999993,0.985794008,0.5,9.279999733,0,43.52000046,8.479999542,9.220020294
218,0,85,26.658771,102.06347,0.239999995,0.426777005,0.375,2.920000076,0,0,0,12.35070038
219,0,86,26.658771,103.06347,0.319999993,0.985794008,0.25,3,0,0,0,9.464010239
220,0,87,26.658771,104.06347,0.159999996,0.831285,0.728552997,2.720000029,0,0,0,71.25879669
221,0,88,26.658771,105.06347,0.079999998,1.403349996,0.676777005,1.320000052,0,0,0,131.048996
222,0,89,26.658771,106.06347,0.159999996,0.831285,0.426777005,16.44000053,0.159999996,21.28000069,2.880000114,136.4069977
223,0,90,26.658771,107.06347,0.239999995,0.426777005,0.25,17.12000084,0.159999996,21.28000069,2.880000114,28.11000061
224,0,91,26.658771,108.06347,0.400000006,0.956285,0.426777005,9.640000343,0.079999998,10.64000034,1.440000057,111.348999
225,0,92,26.658771,109.06347,0.360000014,0.375,0.883062005,1.519999981,0,0,0,54.07030106
226,0,93,26.658771,110.06347,0.239999995,0.831285,0.551777005,2.680000067,0,0,0,21.96689987
227,0,94,26.658771,111.06347,0.159999996,0.831285,0.375,3.559999943,0.319999993,151.3600006,48.63999939,189.8059998
228,0,95,26.658771,112.06347,0.159999996,0.426777005,0.25,12.56000042,0.319999993,151.3600006,48.63999939,219.4929962
229,0,96,26.658771,113.06347,0.079999998,1.299790025,0.375,12.60000038,0.159999996,75.68000031,24.31999969,271.2860107
230,0,97,26.658771,114.06347,0.319999993,0.831285,0.551777005,13.35999966,0,0,0,29.10390091
231,0,98,26.658771,115.06347,0.319999993,0.426777005,0.25,8.600000381,0.159999996,135.0399933,24.31999969,36.58779907
232,0,99,26.658771,116.06347,0.319999993,0.985794008,0.603552997,5.880000114,0.159999996,135.0399933,24.31999969,1158.469971
233,0,100,26.658771,117.06347,0.239999995,0.831285,0.375,2.75999999,0.079999998,111.0400009,20.63999939,10.74750042
234,0,101,26.658771,118.06347,0.159999996,1.204300046,0.25,6.880000114,0,43.52000046,8.479999542,18.59180069
235,0,108,27.658771,102.06347,0.239999995,0.426777005,0.426777005,2.720000029,0,0,0,7.610779762
236,0,109,27.658771,103.06347,0.400000006,0.603552997,0.25,3.75999999,0,0,0,3.124449968
237,0,110,27.658771,104.06347,0.280000001,0.426777005,0.426777005,6.360000134,0,0,0,28.96680069
238,0,111,27.658771,105.06347,0.239999995,1.154510021,0.25,6.119999886,0,0,0,134.397995
239,0,112,27.658771,106.06347,0.159999996,1.266119957,0.551777005,19.87999916,0.159999996,21.28000069,2.880000114,185.7859955
240,0,113,27.658771,107.06347,0.079999998,1.299790025,0,18.79999924,0.159999996,21.28000069,2.880000114,614.9899902
241,0,114,27.658771,108.06347,0.239999995,0.831285,0.75,10.31999969,0.079999998,10.64000034,1.440000057,52.98799896
242,0,115,27.658771,109.06347,0.280000001,0.426777005,0.831285,0.879999995,0,0,0,1726.609985
243,0,116,27.658771,110.06347,0.239999995,1.133059978,0.426777005,2.24000001,0,0,0,64.32019806
244,0,117,27.658771,111.06347,0.319999993,1.015300035,0.375,4.360000134,0.319999993,151.3600006,48.63999939,105.5820007
245,0,118,27.658771,112.06347,0.319999993,0.831285,0.25,31.60000038,0.319999993,151.3600006,48.63999939,1329.880005
246,0,119,27.658771,113.06347,0.280000001,0.831285,0.125,30.87999916,0.159999996,75.68000031,24.31999969,116.473999
247,0,120,27.658771,114.06347,0.319999993,0.91257,0.375,16.15999985,0,0,0,445.4289856
248,0,121,27.658771,115.06347,0.239999995,0.831285,0.125,25.20000076,0.159999996,135.0399933,24.31999969,13.06779957
249,0,122,27.658771,116.06347,0.159999996,1.204300046,0.25,30.12000084,0.159999996,135.0399933,24.31999969,174.095993
250,0,123,27.658771,117.06347,0.200000003,0.831285,0.125,22.68000031,0.079999998,67.51999664,12.15999985,297.1789856
251,0,124,27.658771,118.06347,0.239999995,0.426777005,0.5,8.640000343,0,0,0,210.9149933
252,0,140,28.658771,102.06347,0.159999996,0.831285,0.426777005,1.919999957,0,0,0,2.679739952
253,0,141,28.658771,103.06347,0.319999993,0.985794008,0.551777005,4.440000057,0,0,0,12.55440044
254,0,142,28.658771,104.06347,0.319999993,0.426777005,0.125,16.28000069,0,0,0,29.53569984
255,0,143,28.658771,105.06347,0.360000014,0.426777005,0.25,20.92000008,0,0,0,2151.409912
256,0,144,28.658771,106.06347,0.239999995,0.831285,0.426777005,26.04000092,0,0,0,89.94049835
257,0,145,28.658771,107.06347,0.079999998,1.299790025,0.375,19.47999954,0.239999995,40.72000122,6.960000038,41.56880188
258,0,146,28.658771,108.06347,0.280000001,1.089349985,0.883062005,8.279999733,0.239999995,40.72000122,6.960000038,124.4560013
259,0,147,28.658771,109.06347,0.319999993,0.831285,0.831285,2.24000001,0.119999997,20.36000061,3.480000019,163.5079956
260,0,148,28.658771,110.06347,0.280000001,0.426777005,0.426777005,3.400000095,0,0,0,37.21239853
261,0,149,28.658771,111.06347,0.319999993,0.603552997,0.551777005,5.71999979,0.159999996,75.68000031,24.31999969,19.52079964
262,0,150,28.658771,112.06347,0.239999995,0.426777005,0.125,32.79999924,0.159999996,75.68000031,24.31999969,108.7890015
263,0,151,28.658771,113.06347,0.239999995,0.426777005,0.25,32.24000168,0.079999998,37.84000015,12.15999985,191.3970032
264,0,152,28.658771,114.06347,0.159999996,0.831285,0.426777005,16.79999924,0,0,0,13.53989983
265,0,153,28.658771,115.06347,0.239999995,0.831285,0.375,38.95999908,0.079999998,67.51999664,12.15999985,10.2741003
266,0,154,28.658771,116.06347,0.319999993,0.426777005,0,44.63999939,0.079999998,67.51999664,12.15999985,257.3729858
267,0,155,28.658771,117.06347,0.479999989,0.758062005,0,33.52000046,0.039999999,33.75999832,6.079999924,530.9890137
268,0,156,28.658771,118.06347,0.560000002,0.603552997,0,13.27999973,0,0,0,1.777649999
269,0,179,29.658771,102.06347,0,1.680960059,0.426777005,1.559999943,0.159999996,69.76000214,14.72000027,99.49250031
270,0,180,29.658771,103.06347,0.239999995,1.089349985,0.426777005,12.39999962,0.159999996,69.76000214,14.72000027,8.339810371
271,0,181,29.658771,104.06347,0.400000006,0.603552997,0.25,26.92000008,0.079999998,34.88000107,7.360000134,376.3800049
272,0,182,29.658771,105.06347,0.439999998,0.831285,0,30.52000046,0,0,0,330.6369934
273,0,183,29.658771,106.06347,0.439999998,0.728552997,0.125,18.44000053,0,0,0,191.9499969
274,0,184,29.658771,107.06347,0.360000014,0.426777005,0.375,11.47999954,0.479999989,81.44000244,13.92000008,124.7730026
275,0,185,29.658771,108.06347,0.479999989,0.801777005,0.426777005,3.440000057,0.479999989,81.44000244,13.92000008,8.167169571
276,0,186,29.658771,109.06347,0.479999989,0.375,0.25,2.920000076,0.239999995,40.72000122,6.960000038,36.82099915
277,0,187,29.658771,110.06347,0.479999989,0.728552997,0.426777005,4.079999924,0,0,0,24.13229942
278,0,188,29.658771,111.06347,0.639999986,0.655330002,0.426777005,6.71999979,42.72000122,1334.640015,107.4400024,25.31780052
279,0,189,29.658771,112.06347,0.519999981,0.603552997,0.25,12.60000038,85.44000244,2669.280029,214.8800049,112.8840027
280,0,190,29.658771,113.06347,0.280000001,1.16257,0.25,17.31999969,85.44000244,2669.280029,214.8800049,56.70610046
281,0,191,29.658771,114.06347,0.159999996,1.16257,0.5,18.07999992,0,0,0,9.154640198
282,0,192,29.658771,115.06347,0.400000006,0.831285,0.375,47.11999893,0,0,0,211.0130005
283,0,193,29.658771,116.06347,0.560000002,0.426777005,0.125,38.79999924,0,0,0,1269.410034
284,0,194,29.658771,117.06347,0.560000002,0.375,0.5,29.04000092,0,0,0,1.457389951
285,0,195,29.658771,118.06347,0.560000002,0.375,0.125,14.92000008,0,0,0,3.007849932
286,0,221,30.658771,102.06347,0,1.785670042,0.25,2.200000048,0.159999996,69.76000214,14.72000027,3.682770014
287,0,222,30.658771,103.06347,0.159999996,0.831285,0.426777005,16.60000038,0.159999996,69.76000214,14.72000027,8.172590256
288,0,223,30.658771,104.06347,0.319999993,0.426777005,0,26.92000008,0.079999998,34.88000107,7.360000134,17185.80078
289,0,224,30.658771,105.06347,0.319999993,0.831285,0.375,26.31999969,0,0,0,106.0319977
290,0,225,30.658771,106.06347,0.479999989,0.426777005,0.25,12.19999981,0,0,0,137.2019958
291,0,226,30.658771,107.06347,0.560000002,0.375,0,9.720000267,0.479999989,81.44000244,13.92000008,1152.099976
292,0,227,30.658771,108.06347,0.560000002,0.426777005,0.375,4.119999886,0.479999989,81.44000244,13.92000008,176.7859955
293,0,228,30.658771,109.06347,0.400000006,0.375,0.426777005,2.160000086,0.239999995,40.72000122,6.960000038,247.3099976
294,0,229,30.658771,110.06347,0.280000001,0.831285,0.801777005,2.640000105,0,0,0,87.43229675
295,0,230,30.658771,111.06347,0.360000014,0.426777005,0.25,4.800000191,85.44000244,2669.280029,214.8800049,6.961679935
296,0,231,30.658771,112.06347,0.400000006,0.426777005,0.25,6.840000153,170.8800049,5338.560059,429.7600098,94.88189697
297,0,232,30.658771,113.06347,0.239999995,1.059020042,0.25,11.43999958,170.8800049,5338.560059,429.7600098,637.1929932
298,0,233,30.658771,114.06347,0.159999996,0.426777005,0,16.47999954,0,0,0,95.88330078
299,0,234,30.658771,115.06347,0.319999993,0.728552997,0.125,22.79999924,0,0,0,1846.089966
300,0,235,30.658771,116.06347,0.400000006,0.676777005,0.375,13.15999985,0.159999996,35.56000137,5.079999924,146.576004
301,0,236,30.658771,117.06347,0.479999989,0.426777005,0,15.56000042,0.319999993,71.12000275,10.15999985,24.0237999
302,0,237,30.658771,118.06347,0.479999989,0.831285,0.25,23.20000076,0.319999993,71.12000275,10.15999985,23.52190018
303,0,264,31.658771,102.06347,0,2.019419909,0.125,1.519999981,0.079999998,34.88000107,7.360000134,3.273269892
304,0,265,31.658771,103.06347,0.159999996,1.266119957,0.551777005,14.15999985,0.079999998,34.88000107,7.360000134,4.278100014
305,0,266,31.658771,104.06347,0.319999993,0.801777005,0.25,20.15999985,0.039999999,17.44000053,3.680000067,2.768889904
306,0,267,31.658771,105.06347,0.479999989,0.426777005,0.125,17.12000084,0,0,0,833.1389771
307,0,268,31.658771,106.06347,0.479999989,0.603552997,0.375,5,0,0,0,214.1430054
308,0,269,31.658771,107.06347,0.479999989,0.831285,0.25,4.960000038,0,0,0,166.9859924
309,0,270,31.658771,108.06347,0.360000014,0.831285,0.125,3.599999905,0,0,0,21.04560089
310,0,271,31.658771,109.06347,0.239999995,1.059839964,0.831285,1.039999962,0,0,0,62.63339996
311,0,272,31.658771,110.06347,0.119999997,1.479040027,1.015300035,2.24000001,0,0,0,2.097909927
312,0,273,31.658771,111.06347,0.239999995,1.154510021,0.551777005,4.159999847,85.44000244,2669.280029,214.8800049,8.598970413
313,0,274,31.658771,112.06347,0.400000006,0.426777005,0.426777005,5.079999924,170.8800049,5338.560059,429.7600098,180.1560059
314,0,275,31.658771,113.06347,0.360000014,0.831285,0.551777005,7.28000021,170.8800049,5338.560059,429.7600098,19.23069954
315,0,276,31.658771,114.06347,0.200000003,0.831285,0.125,10.76000023,0,0,0,18.42860031
316,0,277,31.658771,115.06347,0.239999995,1.015300035,0.375,20.12000084,0,0,0,42.12850189
317,0,278,31.658771,116.06347,0.239999995,1.133059978,0.25,21.07999992,0.319999993,71.12000275,10.15999985,187.5899963
318,0,279,31.658771,117.06347,0.280000001,0.426777005,0,24.79999924,0.639999986,142.2400055,20.31999969,387.4570007
319,0,280,31.658771,118.06347,0.360000014,0.603552997,0.25,40.20000076,0.639999986,163.9600067,25.31999969,544.0180054
320,0,306,32.658771,102.06347,0,1.785670042,0.375,0.959999979,0,0,0,1.782469988
321,0,307,32.658771,103.06347,0.159999996,0.831285,0.603552997,1.720000029,0,0,0,4.284150124
322,0,308,32.658771,104.06347,0.239999995,0.426777005,0.375,2.680000067,0,0,0,1.274170041
323,0,309,32.658771,105.06347,0.319999993,0.801777005,0.603552997,3.559999943,0,0,0,2.046989918
324,0,310,32.658771,106.06347,0.200000003,0.426777005,0.375,4.840000153,0,0,0,186.8569946
325,0,311,32.658771,107.06347,0.079999998,1.299790025,0.125,4.71999979,0,0,0,15.96749973
326,0,312,32.658771,108.06347,0,1.616260052,0.551777005,4.320000172,0,0,0,41.32860184
327,0,313,32.658771,109.06347,0,1.616260052,0.426777005,2.039999962,0,0,0,699.3319702
328,0,314,32.658771,110.06347,0,1.996860027,0.426777005,1.879999995,0,0,0,41.7981987
329,0,315,32.658771,111.06347,0.079999998,1.479040027,0.125,1.840000033,0,0,0,58.45569992
330,0,316,32.658771,112.06347,0.319999993,0.676777005,0.25,4.079999924,0,0,0,432.7980042
331,0,317,32.658771,113.06347,0.319999993,0.426777005,0.25,6.679999828,0.639999986,90.80000305,19.68000031,141.5189972
332,0,318,32.658771,114.06347,0.079999998,1.279510021,0.5,7.679999828,0.639999986,90.80000305,19.68000031,109.7679977
333,0,319,32.658771,115.06347,0.159999996,0.831285,0.25,14.11999989,0.319999993,45.40000153,9.840000153,191.1360016
334,0,320,32.658771,116.06347,0.280000001,0.426777005,0.125,23.15999985,0.319999993,71.12000275,10.15999985,216.4019928
335,0,321,32.658771,117.06347,0.319999993,0.801777005,0,26.55999947,0.639999986,142.2400055,20.31999969,2067.75
336,0,322,32.658771,118.06347,0.439999998,0.91257,0.375,42.20000076,0.639999986,185.6799927,30.31999969,331.5939941
337,0,348,33.658771,102.06347,0,1.920379996,0.551777005,0.720000029,0,0,0,3.617660046
338,0,349,33.658771,103.06347,0.159999996,1.089349985,0.375,1.080000043,0,0,0,6.769139767
339,0,350,33.658771,104.06347,0.159999996,0.831285,0.25,0.920000017,0,0,0,4.444709778
340,0,351,33.658771,105.06347,0.319999993,1.015300035,0.551777005,5.28000021,0,0,0,30.46050072
341,0,352,33.658771,106.06347,0.239999995,0.831285,0,8.479999542,0,0,0,13.68879986
342,0,353,33.658771,107.06347,0.119999997,1.479040027,0.375,7.800000191,0,0,0,6.451660156
343,0,354,33.658771,108.06347,0.319999993,1.089349985,0.551777005,15.96000004,0,0,0,3.114789963
344,0,355,33.658771,109.06347,0.319999993,0.831285,0.426777005,12.76000023,0,0,0,32.38690186
345,0,356,33.658771,110.06347,0.239999995,1.307860017,0.801777005,7.480000019,0,0,0,41.61500168
346,0,357,33.658771,111.06347,0.119999997,1.299790025,0.676777005,2.960000038,0,0,0,31.57040024
347,0,358,33.658771,112.06347,0.280000001,0.985794008,0.375,8.199999809,0,0,0,2.675810099
348,0,359,33.658771,113.06347,0.400000006,0.728552997,0.125,15.23999977,1.279999971,181.6000061,39.36000061,509.9809875
349,0,360,33.658771,114.06347,0.239999995,0.831285,0.125,15.07999992,1.279999971,181.6000061,39.36000061,690.3129883
350,0,361,33.658771,115.06347,0.239999995,1.015300035,0.25,12.43999958,0.639999986,90.80000305,19.68000031,279.0969849
351,0,362,33.658771,116.06347,0.239999995,0.801777005,0.375,15.76000023,0,0,0,290.6350098
352,0,363,33.658771,117.06347,0.280000001,0.426777005,0.25,19.39999962,0,0,0,487.302002
353,0,364,33.658771,118.06347,0.479999989,0.758062005,0.426777005,22.71999931,0,43.43999863,10,593.1439819
354,0,390,34.658771,102.06347,0,1.785670042,0.831285,1.399999976,0,0,0,3.278100014
355,0,391,34.658771,103.06347,0.079999998,1.479040027,0.375,10.27999973,0,0,0,13.33259964
356,0,392,34.658771,104.06347,0.079999998,1.279510021,0.25,11.11999989,0,0,0,16.30760002
357,0,393,34.658771,105.06347,0.200000003,0.831285,0.426777005,10.47999954,0,0,0,32.18880081
358,0,394,34.658771,106.06347,0.159999996,0.426777005,0.125,7.960000038,0,0,0,77.65070343
359,0,395,34.658771,107.06347,0.079999998,1.299790025,0.125,7.800000191,0,0,0,34.26179886
360,0,396,34.658771,108.06347,0.319999993,0.831285,0.25,15.47999954,0,36,6.880000114,53.69449997
361,0,397,34.658771,109.06347,0.319999993,0.426777005,0.426777005,12.60000038,0,36,6.880000114,492.4379883
362,0,398,34.658771,110.06347,0.319999993,0.801777005,0.801777005,7.28000021,0,18,3.440000057,158.8739929
363,0,399,34.658771,111.06347,0.239999995,0.426777005,0.25,4,0,0,0,304.0299988
364,0,400,34.658771,112.06347,0.239999995,0.426777005,0.375,9.800000191,0,0,0,295.4330139
365,0,401,34.658771,113.06347,0.319999993,0.603552997,0.125,25.44000053,1.279999971,181.6000061,39.36000061,183.5039978
366,0,402,34.658771,114.06347,0.159999996,0.426777005,0,27.36000061,1.279999971,181.6000061,39.36000061,440.322998
367,0,403,34.658771,115.06347,0.159999996,1.16257,0.375,18.20000076,0.639999986,90.80000305,19.68000031,211.5970001
368,0,404,34.658771,116.06347,0.239999995,0.831285,0.25,15.72000027,0,0,0,222.3070068
369,0,405,34.658771,117.06347,0.400000006,0.728552997,0.125,22.04000092,0,0,0,798.6569824
370,0,406,34.658771,118.06347,0.560000002,0.426777005,0.125,23.95999908,0,0,0,544.4699707
371,0,433,35.658771,102.06347,0.159999996,0.831285,0.676777005,2.160000086,0,0,0,45.8280983
372,0,434,35.658771,103.06347,0.239999995,0.831285,0.125,18.23999977,0,0,0,77.02249908
373,0,435,35.658771,104.06347,0.159999996,0.426777005,0.125,19.28000069,0,0,0,346.6610107
374,0,436,35.658771,105.06347,0.159999996,1.184020042,0.125,12.68000031,0,0,0,321.0360107
375,0,437,35.658771,106.06347,0.079999998,1.299790025,0.551777005,5.320000172,0,0,0,32.55619812
376,0,438,35.658771,107.06347,0.039999999,1.770329952,0.125,5.519999981,0,0,0,45.95819855
377,0,439,35.658771,108.06347,0.239999995,1.307860017,0.25,8.119999886,0,36,6.880000114,15.80860043
378,0,440,35.658771,109.06347,0.319999993,0.801777005,1.154510021,5.920000076,0,36,6.880000114,333.7980042
379,0,441,35.658771,110.06347,0.400000006,0.91257,0.831285,4.119999886,0,18,3.440000057,4.150619984
380,0,442,35.658771,111.06347,0.239999995,0.831285,0.125,4.159999847,0,0,0,31.52659988
381,0,443,35.658771,112.06347,0.319999993,0.831285,0.426777005,7.599999905,0,0,0,18.23889923
382,0,444,35.658771,113.06347,0.479999989,0.728552997,0.426777005,23,0,0,0,140.4609985
383,0,445,35.658771,114.06347,0.400000006,0.801777005,0.125,29.07999992,0,0,0,8.450070381
384,0,446,35.658771,115.06347,0.280000001,0.985794008,0,25.47999954,0,0,0,1053.869995
385,0,447,35.658771,116.06347,0.280000001,0.426777005,0,27.84000015,0,0,0,782.6309814
386,0,448,35.658771,117.06347,0.400000006,0.801777005,0.25,37.08000183,0.159999996,39.75999832,7.360000134,108.9540024
387,0,449,35.658771,118.06347,0.439999998,0.831285,0.25,38.56000137,0.319999993,79.51999664,14.72000027,25.92700005
388,0,81,25.658771,119.06347,0.400000006,0.676777005,0,12.64000034,0,21.76000023,4.239999771,36.87229919
389,0,102,26.658771,119.06347,0.200000003,1.089349985,0.25,11.15999985,0,21.76000023,4.239999771,92.94439697
390,0,103,26.658771,120.06347,-9999,-9999,-9999,-9999,-9999,-9999,-9999,-9999
391,0,125,27.658771,119.06347,0.159999996,1.204300046,0.25,11.47999954,0,0,0,40.76750183
392,0,126,27.658771,120.06347,0.280000001,0.831285,0.25,11.23999977,0,0,0,9.447730064
393,0,157,28.658771,119.06347,0.479999989,0.426777005,0.25,15.43999958,0,90.48000336,25.68000031,5.557099819
394,0,158,28.658771,120.06347,0.519999981,0.728552997,0.125,12.15999985,0,180.9600067,51.36000061,252.8249969
395,0,159,28.658771,121.06347,0.519999981,0.426777005,0.125,11.88000011,0,180.9600067,51.36000061,154.4190063
396,0,196,29.658771,119.06347,0.560000002,0.551777005,0,27.55999947,0,90.48000336,25.68000031,8.575119972
397,0,197,29.658771,120.06347,0.519999981,0.375,0,35,0,180.9600067,51.36000061,23.81170082
398,0,198,29.658771,121.06347,0.639999986,0.426777005,0.25,40.24000168,0,180.9600067,51.36000061,3.186239958
399,0,238,30.658771,119.06347,0.560000002,0.956285,0.375,38.59999847,0,45.24000168,12.84000015,495.8680115
400,0,239,30.658771,120.06347,0.75999999,0.426777005,0.125,76.04000092,0.079999998,115.3600006,30.23999977,408.3880005
401,0,240,30.658771,121.06347,1.039999962,0.551777005,0,101,0.159999996,140.2400055,34.79999924,476.8120117
402,0,281,31.658771,119.06347,0.439999998,0.426777005,0,51.79999924,0,43.43999863,10,133.4909973
403,0,282,31.658771,120.06347,0.720000029,0.25,0,85.68000031,0.079999998,68.31999969,14.56000042,1057.180054
404,0,283,31.658771,121.06347,0.800000012,0.25,0,93.48000336,0.159999996,49.75999832,9.119999886,-9999
405,0,323,32.658771,119.06347,0.519999981,0.801777005,0,46.04000092,0,86.87999725,20,148.6860046
406,0,324,32.658771,120.06347,0.75999999,0.603552997,0,55.72000122,0.039999999,99.31999969,22.28000069,138.6499939
407,0,365,33.658771,119.06347,0.479999989,0.426777005,0.125,17,0,86.87999725,20,1113.869995
408,0,366,33.658771,120.06347,0.400000006,0.375,0.125,8.720000267,0,86.87999725,20,124.3059998
409,0,407,34.658771,119.06347,0.519999981,0.426777005,0.375,18,0,0,0,337.3500061
410,0,450,35.658771,119.06347,0.479999989,0.728552997,0.25,28.04000092,0.319999993,79.51999664,14.72000027,78.00559998
411,0,460,36.658771,85.06347,0.079999998,1.299790025,1.299790025,0.079999998,0,0,0,0
412,0,461,36.658771,86.06347,0.079999998,1.479040027,1.479040027,0.079999998,0,0,0,0
413,0,462,36.658771,87.06347,0,2.165040016,2.136349916,0,0,0,0,0
414,0,463,36.658771,88.06347,0,3.031110048,2.664210081,0,0,0,0,0
415,0,464,36.658771,89.06347,0,3.960760117,2.165040016,0,0,0,0,0
416,0,465,36.658771,90.06347,0,4.595220089,1.785670042,0,0,0,0,1.48687005
417,0,466,36.658771,91.06347,0,3.766669989,1.920379996,0,0,0,0,0
418,0,467,36.658771,92.06347,0,2.772720098,2.487440109,0,0,0,0,0
419,0,468,36.658771,93.06347,0,1.785670042,3.269170046,0,0,0,0,0
420,0,469,36.658771,94.06347,0.159999996,0.831285,3.344810009,0,0,0,0,0
421,0,470,36.658771,95.06347,0.159999996,0.426777005,3.269229889,0,0,2.880000114,1.440000057,0.273270011
422,0,471,36.658771,96.06347,0.079999998,1.299790025,2.861439943,0,0,2.880000114,1.440000057,1
423,0,472,36.658771,97.06347,0,2.277770042,1.920379996,0,0,1.440000057,0.720000029,0.726729989
424,0,473,36.658771,98.06347,0,3.135349989,1.089349985,0.319999993,0,0,0,0.273270011
425,0,474,36.658771,99.06347,0,2.772720098,0.831285,0.319999993,0,0,0,0.444705993
426,0,475,36.658771,100.06347,0,1.785670042,0.831285,0.319999993,0.159999996,6.880000114,2.319999933,0
427,0,476,36.658771,101.06347,0.159999996,0.831285,0.375,1.120000005,0.159999996,6.880000114,2.319999933,4.190090179
428,0,507,37.658771,85.06347,0.159999996,0.426777005,0.426777005,0.439999998,0,0,0,0
429,0,508,37.658771,86.06347,0.159999996,0.831285,0.758062005,0.360000014,0,0,0,0
430,0,509,37.658771,87.06347,0,1.785670042,1.479040027,0.079999998,0,0,0,0
431,0,510,37.658771,88.06347,0,2.772720098,1.920379996,0,0,0,0,0
432,0,511,37.658771,89.06347,0,3.766669989,1.458760023,0.239999995,0,0,0,0
433,0,512,37.658771,90.06347,0,4.595220089,0.831285,0.479999989,0,0,0,0
434,0,513,37.658771,91.06347,0,3.960760117,1.089349985,0.479999989,0,0,0,0
435,0,514,37.658771,92.06347,0,3.031110048,1.920379996,0,0,0,0,0.222352996
436,0,515,37.658771,93.06347,0,2.165040016,2.664390087,0,0,0,0,0
437,0,516,37.658771,94.06347,0.079999998,1.479040027,2.384929895,0,0,0,0,0
438,0,517,37.658771,95.06347,0.079999998,1.299790025,2.277770042,0,0,0,0,0
439,0,518,37.658771,96.06347,0.039999999,1.785269976,2.482160091,0,0,0,0,0
440,0,519,37.658771,97.06347,0,2.416179895,1.785670042,0,0,0,0,0
441,0,520,37.658771,98.06347,0,2.277770042,0.831285,0.319999993,0,0,0,0.670985997
442,0,521,37.658771,99.06347,0,2.384929895,0.426777005,0.360000014,0,0,0,0
443,0,522,37.658771,100.06347,0,2.165040016,1.059020042,0.319999993,0.319999993,13.76000023,4.639999866,0
444,0,523,37.658771,101.06347,0.079999998,1.479040027,0.985794008,0.800000012,0.319999993,13.76000023,4.639999866,0
445,0,553,38.658771,85.06347,0.159999996,0.831285,0.375,0.560000002,0,0,0,0
446,0,554,38.658771,86.06347,0.159999996,1.089349985,0.426777005,0.400000006,0,0,0,0
447,0,555,38.658771,87.06347,0,1.920379996,1.299790025,0.079999998,0,0,0,0
448,0,556,38.658771,88.06347,0,2.861439943,1.089349985,0.159999996,0,0,0,0
449,0,557,38.658771,89.06347,0,3.832459927,0.801777005,0.400000006,0,0,0,0
450,0,558,38.658771,90.06347,0,4.701330185,0.426777005,0.560000002,0,0,0,0
451,0,559,38.658771,91.06347,0,4.1457901,0.831285,0.479999989,0,0,0,0
452,0,560,38.658771,92.06347,0,3.269170046,1.785670042,0,0,0,0,0
453,0,561,38.658771,93.06347,0,2.487440109,2.165040016,0,0,0,0,0
454,0,562,38.658771,94.06347,0,1.920379996,1.479040027,0.159999996,0,0,0,0
455,0,563,38.658771,95.06347,0,1.785670042,1.299790025,0.159999996,0,0,0,0
456,0,564,38.658771,96.06347,0,2.165040016,1.785269976,0.079999998,0,0,0,0
457,0,565,38.658771,97.06347,0.039999999,1.785269976,1.785269976,0.159999996,0,0,0,0
458,0,566,38.658771,98.06347,0.079999998,1.299790025,1.16257,0.479999989,0,0,0,0
459,0,567,38.658771,99.06347,0.079999998,1.479040027,1.059020042,0.560000002,0,0,0,3.107559919
460,0,568,38.658771,100.06347,0,2.165040016,0.426777005,0.239999995,0.319999993,13.76000023,4.639999866,0
461,0,569,38.658771,101.06347,0,2.384929895,0.831285,0.159999996,0.319999993,13.76000023,4.639999866,2.508300066
462,0,597,39.658771,85.06347,0,1.720980048,0.831285,0.319999993,0,4.71999979,0.239999995,0
463,0,598,39.658771,86.06347,0,1.861369967,1.16257,0.280000001,0,4.71999979,0.239999995,0
464,0,599,39.658771,87.06347,0,2.229739904,1.228549957,0.200000003,0,0,0,0
465,0,600,39.658771,88.06347,0,2.861370087,0.831285,0.280000001,0,0,0,0
466,0,601,39.658771,89.06347,0,3.561939955,0.426777005,0.280000001,0,0,0,0
467,0,602,39.658771,90.06347,0,4.266290188,1.154510021,0.319999993,0,0,0,0.273270011
468,0,603,39.658771,91.06347,0,3.80095005,1.479040027,0.239999995,0,0,0,0
469,0,604,39.658771,92.06347,0,2.861439943,2.165040016,0,0,0,0,0
470,0,605,39.658771,93.06347,0,1.920379996,1.785670042,0,0,0,0,0
471,0,606,39.658771,94.06347,0.159999996,1.089349985,0.831285,0.319999993,0,0,0,0
472,0,607,39.658771,95.06347,0.159999996,0.831285,0.426777005,0.319999993,0,0,0,0
473,0,608,39.658771,96.06347,0.079999998,1.479040027,1.299790025,0.159999996,0,0,0,0
474,0,609,39.658771,97.06347,0.079999998,1.299790025,1.299790025,0.319999993,0,0,0,0
475,0,610,39.658771,98.06347,0.159999996,0.426777005,0.426777005,0.639999986,0,0,0,0
476,0,611,39.658771,99.06347,0.159999996,0.831285,0.831285,0.720000029,0,0,0,1.278100014
477,0,612,39.658771,100.06347,0,1.785670042,0.831285,0.159999996,0,0,0,0.717975974
478,0,613,39.658771,101.06347,0,2.772720098,1.089349985,0.159999996,0,0,0,0
479,0,641,40.658771,85.06347,0.119999997,1.43730998,1.279510021,0.360000014,0,9.43999958,0.479999989,0
480,0,642,40.658771,86.06347,0.079999998,1.299790025,0.831285,0.560000002,0,9.43999958,0.479999989,0
481,0,643,40.658771,87.06347,0.079999998,1.479040027,0.25,0.479999989,0,0,0,0
482,0,644,40.658771,88.06347,0,2.165040016,0.831285,0.319999993,0,0,0,0
483,0,645,40.658771,89.06347,0,2.990540028,1.299790025,0.079999998,0,0,0,0
484,0,646,40.658771,90.06347,0,3.344810009,1.785269976,0.039999999,0,0,0,0
485,0,647,40.658771,91.06347,0,3.191770077,2.372550011,0,0,0,0,0.226280004
486,0,648,40.658771,92.06347,0,2.537889957,2.446389914,0,0,0,0,0
487,0,649,40.658771,93.06347,0,1.785670042,1.876749992,0,0,0,0,0
488,0,650,40.658771,94.06347,0.159999996,0.831285,1.089349985,0.319999993,0,0,0,0
489,0,651,40.658771,95.06347,0.159999996,0.426777005,0.831285,0.319999993,0,0,0,0
490,0,652,40.658771,96.06347,0.079999998,1.299790025,1.479040027,0.159999996,0,0,0,0
491,0,653,40.658771,97.06347,0.079999998,1.479040027,1.479040027,0.319999993,0,0,0,0
492,0,654,40.658771,98.06347,0.159999996,0.831285,0.831285,0.639999986,0,0,0,0
493,0,655,40.658771,99.06347,0.159999996,1.089349985,1.089349985,0.639999986,0,0,0,0.222352996
494,0,656,40.658771,100.06347,0,1.920379996,1.720980048,0,0,0,0,0
495,0,657,40.658771,101.06347,0,2.861439943,1.920379996,0,0,0,0,0
496,0,686,41.658771,85.06347,0.159999996,1.059020042,0.426777005,0.720000029,0,9.43999958,0.479999989,0
497,0,687,41.658771,86.06347,0.159999996,0.426777005,0.25,0.879999995,0,9.43999958,0.479999989,13.62230015
498,0,688,41.658771,87.06347,0.159999996,0.831285,0.625,0.639999986,0,0,0,0
499,0,689,41.658771,88.06347,0,1.785670042,1.089349985,0.239999995,0,0,0,0
500,0,690,41.658771,89.06347,0,2.277770042,1.876749992,0,0,0,0,0
501,0,691,41.658771,90.06347,0,2.384929895,2.199409962,0,0,0,0,0
502,0,692,41.658771,91.06347,0,2.537889957,2.416179895,0,0,0,0,0
503,0,693,41.658771,92.06347,0.039999999,1.785269976,1.785269976,0.119999997,0,0,0,0
504,0,694,41.658771,93.06347,0.079999998,1.299790025,1.299790025,0.239999995,0,0,0,0
505,0,695,41.658771,94.06347,0.159999996,1.266119957,1.423629999,0.239999995,0,0,0,0.27809599
506,0,696,41.658771,95.06347,0.079999998,1.299790025,1.736369967,0,0,0,0,0
507,0,697,41.658771,96.06347,0.039999999,1.785269976,2.165040016,0,0,0,0,0
508,0,698,41.658771,97.06347,0,2.165040016,2.165040016,0,0,0,0,0
509,0,699,41.658771,98.06347,0,1.785670042,1.785670042,0,0,0,0,0
510,0,700,41.658771,99.06347,0,1.920379996,1.920379996,0,0,0,0,0
511,0,701,41.658771,100.06347,0,2.487440109,2.487440109,0,0,0,0,0
512,0,702,41.658771,101.06347,0,3.269170046,2.861439943,0,0,0,0,0
513,0,733,42.658771,85.06347,0.119999997,1.43730998,0.831285,0.720000029,0,0,0,0
514,0,734,42.658771,86.06347,0.200000003,0.831285,0.75,1.120000005,0,0,0,0
515,0,735,42.658771,87.06347,0.239999995,0.985794008,0.985794008,3.279999971,0,0,0,0.222352996
516,0,736,42.658771,88.06347,0.119999997,1.479040027,1.299790025,2.960000038,0,0,0,0
517,0,737,42.658771,89.06347,0.079999998,1.299790025,1.479040027,1.080000043,0,0,0,0
518,0,738,42.658771,90.06347,0.079999998,1.479040027,1.299790025,0.079999998,0,0,0,0
519,0,739,42.658771,91.06347,0,1.996410012,1.770329952,0.039999999,0,0,0,0
520,0,740,42.658771,92.06347,0.079999998,1.299790025,1.299790025,0.239999995,0,0,0,0
521,0,741,42.658771,93.06347,0.159999996,0.426777005,0.426777005,0.479999989,0,0,0,0
522,0,742,42.658771,94.06347,0.159999996,0.831285,0.831285,0.479999989,0,0,0,1.334120035
523,0,743,42.658771,95.06347,0,1.785670042,1.785670042,0,0,0,0,0
524,0,744,42.658771,96.06347,0,2.537889957,2.741250038,0,0,0,0,0
525,0,745,42.658771,97.06347,0,2.971210003,3.031110048,0,0,0,0,0
526,0,746,42.658771,98.06347,-9999,-9999,-9999,-9999,-9999,-9999,-9999,-9999
527,0,770,43.658771,85.06347,0,1.720980048,0.831285,0.879999995,0,0,0,0
528,0,771,43.658771,86.06347,0.079999998,1.299790025,0.75,1.840000033,0,0,0,0
529,0,772,43.658771,87.06347,0.159999996,0.426777005,0.426777005,6.400000095,0,0,0,5.034639835
530,0,773,43.658771,88.06347,0.239999995,0.831285,0.426777005,5.920000076,0,0,0,88.94129944
531,0,774,43.658771,89.06347,0.159999996,0.426777005,0.831285,2.160000086,0,0,0,0.27809599
532,0,775,43.658771,90.06347,0.159999996,0.831285,0.426777005,0.159999996,0,0,0,0.678840995
533,0,776,43.658771,91.06347,0,1.785670042,1.299790025,0.079999998,0,0,0,1.338670015
534,0,777,43.658771,92.06347,0.079999998,1.479040027,1.479040027,0.239999995,0,0,0,0.27809599
535,0,778,43.658771,93.06347,0.159999996,0.831285,0.831285,0.479999989,0,0,0,22.87890053
536,0,779,43.658771,94.06347,0.159999996,1.089349985,1.089349985,0.479999989,0,0,0,0
537,0,780,43.658771,95.06347,0,1.920379996,1.920379996,0,0,0,0,0
538,0,805,44.658771,85.06347,0.159999996,0.831285,0.426777005,1.039999962,0,0,0,10.78139973
539,0,806,44.658771,86.06347,0.159999996,1.266119957,0.25,1.919999957,0,0,0,9.379260063
540,0,807,44.658771,87.06347,0.159999996,0.831285,0.676777005,6.400000095,0,0,0,2.780960083
541,0,808,44.658771,88.06347,0.239999995,1.089349985,0.831285,5.920000076,0,0,0,0
542,0,809,44.658771,89.06347,0.159999996,0.831285,1.089349985,2.160000086,0,0,0,0
543,0,810,44.658771,90.06347,0.159999996,1.089349985,0.831285,0.159999996,0,0,0,0
544,0,811,44.658771,91.06347,0,1.920379996,1.479040027,0.079999998,0,0,0,1.131399989
545,0,812,44.658771,92.06347,0,2.165040016,2.084120035,0,0,0,0,0
546,0,813,44.658771,93.06347,0,1.785670042,1.785670042,0,0,0,0,0
547,0,814,44.658771,94.06347,-9999,-9999,-9999,-9999,-9999,-9999,-9999,-9999
548,0,837,45.658771,85.06347,0.159999996,0.426777005,0.426777005,0.839999974,0,0,0,0
549,0,838,45.658771,86.06347,0.079999998,1.299790025,1.029510021,0.75999999,0,0,0,0
550,0,839,45.658771,87.06347,0,1.785670042,1.43730998,0.360000014,0,0,0,0
551,0,840,45.658771,88.06347,0,1.920379996,1.403349996,0.079999998,0,0,0,0
552,0,841,45.658771,89.06347,0,1.785670042,0.831285,0.159999996,0,0,0,0
553,0,842,45.658771,90.06347,0,1.920379996,1.089349985,0.159999996,0,0,0,0
554,0,863,46.658771,85.06347,0.079999998,1.299790025,0.801777005,0.560000002,0,0,0,0.222352996
555,0,864,46.658771,86.06347,0.039999999,1.785269976,0.426777005,0.519999981,0,0,0,0
556,0,865,46.658771,87.06347,0,2.537889957,1.278349996,0.519999981,0,0,0,0.504377007
557,0,866,46.658771,88.06347,0,2.861439943,1.154510021,0.639999986,0,0,0,0.773720026
558,0,867,46.658771,89.06347,0,2.772720098,0.426777005,0.720000029,0,0,0,0
559,0,868,46.658771,90.06347,0,2.861439943,0.831285,0.159999996,0,0,0,2.677330017
560,0,884,47.658771,86.06347,0,2.586030006,0.831285,0.479999989,0,0,0,0.27809599
561,0,885,47.658771,87.06347,0,3.191770077,1.16257,0.800000012,0,0,0,3.846760035
562,0,886,47.658771,88.06347,0,3.80095005,0.426777005,1.159999967,0,0,0,6.005730152
563,0,887,47.658771,89.06347,0,3.766669989,0.801777005,1.200000048,0,0,0,0.273270011
564,0,888,47.658771,90.06347,-9999,-9999,-9999,-9999,-9999,-9999,-9999,0
565,0,477,36.658771,102.06347,0.159999996,0.426777005,0.25,1.720000029,0.079999998,3.440000057,1.159999967,15.17660046
566,0,478,36.658771,103.06347,0.239999995,0.985794008,0.728552997,17.12000084,0,0,0,130.8529968
567,0,479,36.658771,104.06347,0.239999995,0.831285,0.25,17.87999916,0,0,0,14.97439957
568,0,480,36.658771,105.06347,0.239999995,0.831285,0.426777005,9.43999958,0,4.639999866,1.919999957,42.53860092
569,0,481,36.658771,106.06347,0.159999996,1.089349985,0.956285,1.120000005,0,9.279999733,3.839999914,270.8720093
570,0,482,36.658771,107.06347,0,1.79666996,0.728552997,1.840000033,0,9.279999733,3.839999914,13.84370041
571,0,483,36.658771,108.06347,0.079999998,1.299790025,0.603552997,1.440000057,0,18,3.440000057,12.75990009
572,0,484,36.658771,109.06347,0.159999996,0.426777005,1.349589944,0.560000002,0,18,3.440000057,46.35279846
573,0,485,36.658771,110.06347,0.159999996,0.831285,1.28757,0.600000024,0,9,1.720000029,22.59860039
574,0,486,36.658771,111.06347,0,1.616260052,0.603552997,2.920000076,0,9.920000076,2.640000105,16.4538002
575,0,487,36.658771,112.06347,0.159999996,1.258059978,0.676777005,6.960000038,0,19.84000015,5.28000021,6.383600235
576,0,488,36.658771,113.06347,0.319999993,0.426777005,0.426777005,14.15999985,0,19.84000015,5.28000021,58.64110184
577,0,489,36.658771,114.06347,0.360000014,0.426777005,0.25,19.95999908,0,0,0,298.0539856
578,0,490,36.658771,115.06347,0.200000003,0.831285,0.125,19,0,0,0,171.4299927
579,0,491,36.658771,116.06347,0.319999993,0.831285,0.125,25.39999962,0,0,0,416.4670105
580,0,492,36.658771,117.06347,0.400000006,0.25,0,29.15999985,0.159999996,39.75999832,7.360000134,9265.040039
581,0,493,36.658771,118.06347,0.319999993,0.801777005,0,30.87999916,0.319999993,79.51999664,14.72000027,1132.369995
582,0,524,37.658771,102.06347,0.079999998,1.299790025,0.831285,0.680000007,0.159999996,6.880000114,2.319999933,1.042160034
583,0,525,37.658771,103.06347,0.039999999,1.714920044,1.16257,0.680000007,0,0,0,34.95479965
584,0,526,37.658771,104.06347,0.079999998,1.299790025,0.426777005,0.879999995,0,0,0,1.982489944
585,0,527,37.658771,105.06347,0.239999995,0.426777005,0.603552997,1.639999986,0,4.639999866,1.919999957,0.667059004
586,0,528,37.658771,106.06347,0.319999993,0.676777005,0.426777005,2,0,9.279999733,3.839999914,5.443809986
587,0,529,37.658771,107.06347,0.159999996,1.089349985,0.426777005,2.079999924,0,9.279999733,3.839999914,6.390480042
588,0,530,37.658771,108.06347,0.039999999,1.594820023,0.426777005,0.479999989,0,0,0,6.276659966
589,0,531,37.658771,109.06347,0.239999995,0.985794008,0.985794008,0.639999986,0,0,0,26.60700035
590,0,532,37.658771,110.06347,0.239999995,0.831285,0.801777005,0.560000002,0,0,0,53.44710159
591,0,533,37.658771,111.06347,0.079999998,1.403349996,0.426777005,3.279999971,0,9.920000076,2.640000105,15.93589973
592,0,534,37.658771,112.06347,0.200000003,0.831285,0.125,8.520000458,0,19.84000015,5.28000021,4.695360184
593,0,535,37.658771,113.06347,0.280000001,0.426777005,0.426777005,11.56000042,0,19.84000015,5.28000021,11.82849979
594,0,536,37.658771,114.06347,0.400000006,0.956285,0.25,13.60000038,0,0,0,13.89789963
595,0,537,37.658771,115.06347,0.239999995,0.831285,0.125,17.47999954,0,0,0,233.2539978
596,0,538,37.658771,116.06347,0.360000014,1.015300035,0.125,26.95999908,0,0,0,187.0670013
597,0,539,37.658771,117.06347,0.400000006,0.75,0.375,28.60000038,0.079999998,19.87999916,3.680000067,310.9949951
598,0,540,37.658771,118.06347,0.360000014,1.089349985,0.375,28.79999924,0.159999996,39.75999832,7.360000134,76.7322998
599,0,570,38.658771,102.06347,0,2.277770042,1.520280004,0,0.159999996,6.880000114,2.319999933,4.171440125
600,0,571,38.658771,103.06347,0,2.416179895,0.831285,0.360000014,0,0,0,34.15409851
601,0,572,38.658771,104.06347,0.039999999,1.785269976,0.426777005,0.479999989,0,0,0,0
602,0,573,38.658771,105.06347,0.159999996,1.204300046,0.426777005,1.519999981,0,2.319999933,0.959999979,0
603,0,574,38.658771,106.06347,0.319999993,0.426777005,0.25,2.640000105,0,4.639999866,1.919999957,7.181630135
604,0,575,38.658771,107.06347,0.239999995,0.831285,0.625,2.720000029,0,4.639999866,1.919999957,3.122649908
605,0,576,38.658771,108.06347,0.039999999,1.498839974,1.089349985,0.400000006,0,0,0,0.27809599
606,0,577,38.658771,109.06347,0.239999995,0.831285,0.831285,0.720000029,0,0,0,6.671899796
607,0,578,38.658771,110.06347,0.239999995,0.426777005,0.426777005,0.680000007,0,0,0,22.94720078
608,0,579,38.658771,111.06347,0.119999997,1.299790025,1.133059978,2.920000076,0,4.960000038,1.320000052,101.5360031
609,0,580,38.658771,112.06347,0.200000003,1.089349985,0.758062005,8.159999847,0,9.920000076,2.640000105,22.85820007
610,0,581,38.658771,113.06347,0.239999995,0.801777005,0.375,10.19999981,0,9.920000076,2.640000105,32.35929871
611,0,582,38.658771,114.06347,0.319999993,0.831285,0.426777005,11.60000038,0,0,0,34.24359894
612,0,583,38.658771,115.06347,0.159999996,0.426777005,0.125,29.84000015,0.159999996,20.07999992,4.320000172,924.7490234
613,0,584,38.658771,116.06347,0.319999993,1.059020042,0.125,50.88000107,0.479999989,49.11999893,9.520000458,596.9160156
614,0,585,38.658771,117.06347,0.400000006,0.426777005,0,53.52000046,0.639999986,58.08000183,10.39999962,52.75559998
615,0,614,39.658771,102.06347,0,3.269229889,1.691959977,0,0,0,0,0
616,0,615,39.658771,103.06347,0,3.181950092,1.089349985,0.319999993,0,0,0,0
617,0,616,39.658771,104.06347,0,2.537889957,0.831285,0.360000014,0,0,0,0
618,0,617,39.658771,105.06347,0.039999999,1.679250002,1.236619949,1,0,0,0,0
619,0,618,39.658771,106.06347,0.239999995,0.831285,0.676777005,2.200000048,0,0,0,0.226280004
620,0,619,39.658771,107.06347,0.239999995,0.426777005,0.426777005,2.24000001,0,0,0,0
621,0,620,39.658771,108.06347,0.079999998,1.299790025,1.258059978,0.479999989,0,0,0,4.561019897
622,0,621,39.658771,109.06347,0.400000006,0.831285,0.831285,0.959999979,0,0,0,9.560009956
623,0,622,39.658771,110.06347,0.400000006,0.426777005,0.375,1.24000001,0,0,0,17.43560028
624,0,623,39.658771,111.06347,0.280000001,1.204300046,0.883062005,1.399999976,0,0,0,10.41160011
625,0,624,39.658771,112.06347,0.159999996,1.154510021,0.801777005,2.160000086,0,0,0,22.54920006
626,0,625,39.658771,113.06347,0.200000003,0.426777005,0.25,3.839999914,0,0,0,27.32570076
627,0,626,39.658771,114.06347,0.239999995,0.831285,0.5,10.23999977,0,0,0,124.2850037
628,0,627,39.658771,115.06347,0.079999998,1.279510021,0.25,40.68000031,0.400000006,48.24000168,8.800000191,1.112390041
629,0,628,39.658771,116.06347,0.439999998,0.831285,0.125,81.44000244,0.959999979,105.4400024,18.47999954,267.2269897
630,0,629,39.658771,117.06347,0.560000002,0.375,0,85.72000122,1.120000005,114.4000015,19.36000061,206.5549927
631,0,630,39.658771,118.06347,0.560000002,0.426777005,0,28.68000031,0.319999993,17.92000008,1.75999999,540.5800171
632,0,658,40.658771,102.06347,0,3.832459927,2.310659885,0,0,0,0,0
633,0,659,40.658771,103.06347,0,3.80095005,1.920379996,0,0,0,0,0.678840995
634,0,660,40.658771,104.06347,0,2.861439943,1.785670042,0,0,0,0,0
635,0,661,40.658771,105.06347,0,1.920379996,1.736369967,0,0,0,0,0
636,0,662,40.658771,106.06347,0.159999996,1.089349985,0.831285,0.720000029,0,0,0,0
637,0,663,40.658771,107.06347,0.159999996,0.831285,0.25,0.959999979,0,0,0,56.68109894
638,0,664,40.658771,108.06347,0.079999998,1.403349996,0.831285,0.720000029,0,0,0,0
639,0,665,40.658771,109.06347,0.319999993,0.831285,0.831285,0.720000029,0,0,0,0.273270011
640,0,666,40.658771,110.06347,0.319999993,0.426777005,0.25,1.039999962,0,0,0,22.91139984
641,0,667,40.658771,111.06347,0.319999993,0.801777005,0.375,1.679999948,0,0,0,17.87540054
642,0,668,40.658771,112.06347,0.239999995,0.426777005,0.25,2.720000029,0,0,0,73.86560059
643,0,669,40.658771,113.06347,0.239999995,0.801777005,0.25,4.159999847,0,0,0,15.23379993
644,0,670,40.658771,114.06347,0.159999996,1.089349985,0.426777005,8.479999542,0,0,0,138.746994
645,0,671,40.658771,115.06347,0,1.691959977,0.25,34.20000076,0.319999993,38.20000076,6.639999866,30.89380074
646,0,672,40.658771,116.06347,0.319999993,1.089349985,0.25,68.36000061,0.720000029,80.87999725,13.72000027,12.93659973
647,0,673,40.658771,117.06347,0.360000014,0.831285,0.125,70.55999756,0.800000012,85.36000061,14.15999985,8.270819664
648,0,674,40.658771,118.06347,0.319999993,1.236619949,0.125,14.52000046,0.159999996,8.960000038,0.879999995,8.076749802
649,0,703,41.658771,102.06347,0,4.1457901,3.134789944,0,0,0,0,0
650,0,704,41.658771,103.06347,0,4.1457901,2.861439943,0,0,0,0,0
651,0,705,41.658771,104.06347,-9999,-9999,-9999,-9999,-9999,-9999,-9999,0
652,0,706,41.658771,106.06347,0,1.920379996,1.43730998,0.319999993,0,0,0,0.499550015
653,0,707,41.658771,107.06347,0,1.785670042,0.831285,0.560000002,0,0,0,0.27809599
654,0,708,41.658771,108.06347,0,1.990730047,1.089349985,0.519999981,0,0,0,1.273270011
655,0,709,41.658771,109.06347,0.079999998,1.479040027,0.831285,0.439999998,0,0,0,2.273269892
656,0,710,41.658771,110.06347,0.079999998,1.299790025,0.426777005,0.639999986,0,0,0,2.94817996
657,0,711,41.658771,111.06347,0.200000003,1.089349985,0.801777005,1.279999971,0,0,0,1.953009963
658,0,712,41.658771,112.06347,0.159999996,0.831285,0.676777005,1.480000019,0,0,0,1.777649999
659,0,713,41.658771,113.06347,0.079999998,1.458760023,0.25,2.039999962,0,0,0,21.7826004
660,0,714,41.658771,114.06347,0,1.920379996,0.426777005,5.840000153,0,0,0,6.682769775
661,0,715,41.658771,115.06347,0,2.135070086,0.831285,5.199999809,0.119999997,14.07999992,2.24000001,12.86670017
662,0,716,41.658771,116.06347,0,1.861369967,1.059839964,5.119999886,0.239999995,28.15999985,4.480000019,11.39529991
663,0,717,41.658771,117.06347,0,1.665570021,0.625,3.720000029,0.239999995,28.15999985,4.480000019,1.829460025
664,0,718,41.658771,118.06347,0.159999996,1.089349985,0.375,3.680000067,0,0,0,1.905120015
665,0,747,42.658771,111.06347,0.079999998,1.479040027,1.015300035,0.239999995,0,0,0,1.94907999
666,0,748,42.658771,112.06347,0.159999996,0.831285,0.831285,0.280000001,0,0,0,0.551366985
667,0,749,42.658771,113.06347,0.159999996,1.089349985,0.831285,0.560000002,0,4.800000191,0.479999989,0.448632985
668,0,750,42.658771,114.06347,0,1.827000022,0.426777005,0.519999981,0,4.800000191,0.479999989,0.499550015
669,0,751,42.658771,115.06347,0.079999998,1.479040027,1.154510021,0.239999995,0,2.400000095,0.239999995,2.226279974
670,0,752,42.658771,116.06347,0.079999998,1.299790025,1.43730998,0.119999997,0,0,0,3
671,0,753,42.658771,117.06347,0.039999999,1.574530005,0.758062005,0.479999989,0,0,0,5.499549866
672,0,754,42.658771,118.06347,0.159999996,0.831285,0.551777005,2.24000001,0,0,0,13.3998003
673,0,781,43.658771,112.06347,-9999,-9999,-9999,-9999,-9999,-9999,-9999,36.8905983
674,0,782,43.658771,113.06347,0.159999996,0.831285,1.184020042,0.159999996,0,9.600000381,0.959999979,0.730656981
675,0,783,43.658771,114.06347,0,1.540570021,0.801777005,0.239999995,0,9.600000381,0.959999979,0.273270011
676,0,784,43.658771,115.06347,0.159999996,0.831285,0.426777005,0.200000003,0,4.800000191,0.479999989,0.670985997
677,0,785,43.658771,116.06347,0.159999996,0.426777005,1.059020042,0.159999996,0,0,0,1.834290028
678,0,786,43.658771,117.06347,0.079999998,1.299790025,0.426777005,0.319999993,0,0,0,2.371180058
679,0,787,43.658771,118.06347,0.079999998,1.479040027,0.426777005,1.24000001,0,0,0,15.45580006
680,0,815,44.658771,112.06347,-9999,-9999,-9999,-9999,-9999,-9999,-9999,0
681,0,816,44.658771,113.06347,0.079999998,1.479040027,1.65023005,0.039999999,0,9.600000381,0.959999979,1.112390041
682,0,817,44.658771,114.06347,0,1.827000022,1.089349985,0.159999996,0,9.600000381,0.959999979,0.273270011
683,0,818,44.658771,115.06347,0.159999996,1.089349985,0.831285,0.159999996,0,4.800000191,0.479999989,0.546540022
684,0,819,44.658771,116.06347,0.159999996,0.831285,1.43730998,0.119999997,0,0,0,0.773720026
685,0,820,44.658771,117.06347,0.079999998,1.479040027,1.299790025,0.159999996,0,0,0,0.777647018
686,0,821,44.658771,118.06347,0,2.227169991,1.16257,0.400000006,0,0,0,1.111770034
687,0,843,45.658771,116.06347,-9999,-9999,-9999,-9999,-9999,-9999,-9999,-9999
688,0,844,45.658771,117.06347,0,2.165040016,1.785670042,0,0,0,0,0.999100983
689,0,845,45.658771,118.06347,0,2.861370087,0.831285,0.159999996,0,0,0,0.226280004
690,0,494,36.658771,119.06347,0.239999995,0.426777005,0,24.95999908,0.319999993,79.51999664,14.72000027,596.6060181
691,0,495,36.658771,120.06347,0.400000006,0.426777005,0.125,24.95999908,0,0,0,502.7210083
692,0,496,36.658771,121.06347,0.400000006,0.676777005,0.551777005,16.39999962,0,0,0,-9999
693,0,541,37.658771,121.06347,-9999,-9999,-9999,-9999,-9999,-9999,-9999,-9999
694,0,631,39.658771,119.06347,0.319999993,0.375,0.25,12.03999996,0,0,0,367.3770142
695,0,632,39.658771,122.06347,-9999,-9999,-9999,-9999,-9999,-9999,-9999,596.757019
696,0,675,40.658771,119.06347,0.319999993,0.831285,0.625,8.640000343,0,0,0,44.69369888
697,0,676,40.658771,120.06347,0.479999989,0.655330002,0.625,1.960000038,0,0,0,29.90609932
698,0,677,40.658771,123.06347,0.319999993,0.831285,0.426777005,5.800000191,0.159999996,18.55999947,3.200000048,12.52019978
699,0,678,40.658771,124.06347,0.319999993,0.831285,0.603552997,5.039999962,0.079999998,9.279999733,1.600000024,198.973999
700,0,679,40.658771,125.06347,0.200000003,1.089349985,0.985794008,0.879999995,0,0,0,50.04219818
701,0,719,41.658771,119.06347,0.239999995,0.801777005,0.25,2.359999895,0,0,0,66.13169861
702,0,720,41.658771,120.06347,0.400000006,0.426777005,0.655330002,1.840000033,0,0,0,25.18020058
703,0,721,41.658771,121.06347,0.319999993,0.758062005,0.625,2.400000095,0,0,0,17.53700066
704,0,722,41.658771,122.06347,0.319999993,0.831285,0.25,5.71999979,0.159999996,18.55999947,3.200000048,115.1100006
705,0,723,41.658771,123.06347,0.319999993,0.25,0.25,9.760000229,0.159999996,18.55999947,3.200000048,51.08499908
706,0,724,41.658771,124.06347,0.239999995,0.831285,0.375,9.119999886,0.079999998,9.279999733,1.600000024,29.22380066
707,0,725,41.658771,125.06347,0.079999998,1.299790025,0.426777005,1.75999999,0,0,0,11.50769997
708,0,726,41.658771,126.06347,0.159999996,0.426777005,0.426777005,0.879999995,0,0,0,13.37010002
709,0,727,41.658771,127.06347,-9999,-9999,-9999,-9999,-9999,-9999,-9999,-9999
710,0,755,42.658771,119.06347,0.200000003,0.426777005,0.25,2.279999971,0,0,0,114.1179962
711,0,756,42.658771,120.06347,0.159999996,1.154510021,0.375,1.600000024,0,0,0,7.879149914
712,0,757,42.658771,121.06347,0.159999996,1.307860017,0.426777005,1.519999981,0,0,0,61.61090088
713,0,758,42.658771,122.06347,0.319999993,0.831285,0.25,4.760000229,0.079999998,9.279999733,1.600000024,21.56380081
714,0,759,42.658771,123.06347,0.400000006,0.728552997,0.603552997,8.720000267,0.079999998,9.279999733,1.600000024,28.21839905
715,0,760,42.658771,124.06347,0.239999995,1.089349985,0.25,10.76000023,0.039999999,4.639999866,0.800000012,35.85200119
716,0,761,42.658771,125.06347,0.159999996,1.204300046,0.426777005,6.159999847,0.039999999,3.319999933,0.879999995,27.45299911
717,0,762,42.658771,126.06347,0.239999995,0.831285,0.728552997,5.480000019,0.079999998,6.639999866,1.75999999,174.1179962
718,0,763,42.658771,127.06347,0.159999996,1.089349985,0.831285,0.720000029,0.079999998,6.639999866,1.75999999,20.95569992
719,0,788,43.658771,119.06347,0.079999998,1.299790025,0.426777005,1.200000048,0,0,0,8.452280045
720,0,789,43.658771,120.06347,0.039999999,1.770329952,0.426777005,1,0,0,0,2.063879967
721,0,790,43.658771,121.06347,0.079999998,1.299790025,0.375,0.920000017,0,0,0,14.59430027
722,0,791,43.658771,122.06347,0.159999996,0.426777005,0.551777005,0.959999979,0,0,0,12.17329979
723,0,792,43.658771,123.06347,0.159999996,0.831285,0.25,1.159999967,0,0,0,9.686610222
724,0,793,43.658771,124.06347,0.079999998,1.279510021,0.375,5.320000172,0,0,0,96.1088028
725,0,794,43.658771,125.06347,0.159999996,0.426777005,0.375,9.56000042,0.079999998,6.639999866,1.75999999,458.3439941
726,0,795,43.658771,126.06347,0.159999996,0.831285,0.426777005,10.07999992,0.159999996,13.27999973,3.519999981,24.49690056
727,0,796,43.658771,127.06347,0,1.67166996,0.426777005,1.279999971,0.159999996,13.27999973,3.519999981,16.42379951
728,0,822,44.658771,119.06347,0,2.277770042,1.059020042,0.360000014,0,0,0,0.495622993
729,0,823,44.658771,120.06347,0,2.273360014,0.831285,0.319999993,0,0,0,6.507599831
730,0,824,44.658771,121.06347,0.039999999,1.65023005,0.985794008,0.360000014,0,0,0,4.053609848
731,0,825,44.658771,122.06347,0.079999998,1.279510021,0.956285,0.479999989,0,0,0,12.57450008
732,0,826,44.658771,123.06347,0.079999998,1.479040027,0.75,0.479999989,0,0,0,9.224769592
733,0,827,44.658771,124.06347,0.079999998,1.479040027,1.059839964,4.639999866,0,0,0,20.33200073
734,0,828,44.658771,125.06347,0.239999995,0.831285,0.831285,9.119999886,0.079999998,6.639999866,1.75999999,34.82860184
735,0,829,44.658771,126.06347,0.319999993,0.728552997,0.758062005,12.96000004,0.159999996,13.27999973,3.519999981,183.2519989
736,0,830,44.658771,127.06347,0.159999996,1.089349985,0.426777005,4.480000019,0.159999996,13.27999973,3.519999981,183.3760071
737,0,846,45.658771,119.06347,0,2.820869923,0.426777005,0.159999996,0,0,0,7.873919964
738,0,847,45.658771,120.06347,0,1.920379996,1.279510021,0.079999998,0,0,0,0.670985997
739,0,848,45.658771,121.06347,0.159999996,1.089349985,0.831285,0.239999995,0,0,0,2.282020092
740,0,849,45.658771,122.06347,0.159999996,0.831285,0.25,0.319999993,0,0,0,311.144989
741,0,850,45.658771,123.06347,0.079999998,1.479040027,0.831285,0.239999995,0,0,0,6.66738987
742,0,851,45.658771,124.06347,0.079999998,1.458760023,1.089349985,0.319999993,0,0,0,72.00930023
743,0,852,45.658771,125.06347,0.239999995,0.831285,0.75,0.800000012,0,0,0,225.6580048
744,0,853,45.658771,126.06347,0.319999993,0.426777005,0.426777005,6.960000038,0,0,0,143.4230042
745,0,854,45.658771,127.06347,0.159999996,0.831285,0.25,6.71999979,0,0,0,34.94639969
746,0,869,46.658771,119.06347,0,2.685519934,0.831285,0.159999996,0,0,0,-9999
747,0,870,46.658771,120.06347,-9999,-9999,-9999,-9999,-9999,-9999,-9999,6.440289974
748,0,871,46.658771,121.06347,0.159999996,0.831285,1.089349985,0.239999995,0,0,0,5.576300144
749,0,872,46.658771,122.06347,0.159999996,0.426777005,0.75,0.319999993,0,0,0,5.866260052
750,0,873,46.658771,123.06347,0.239999995,0.985794008,0.91257,0.879999995,0,0,0,96.20449829
751,0,874,46.658771,124.06347,0.239999995,0.801777005,0.676777005,0.959999979,0,0,0,10.23779964
752,0,875,46.658771,125.06347,0.280000001,0.426777005,0.25,1.120000005,0,0,0,69.07170105
753,0,876,46.658771,126.06347,0.239999995,0.831285,0.676777005,6.639999866,0,0,0,125.8690033
754,0,877,46.658771,127.06347,0.079999998,1.479040027,0.75,6.400000095,0.639999986,30.23999977,2.480000019,146.8240051
755,0,889,47.658771,120.06347,0,1.720980048,1.299790025,0.079999998,0,0,0,0
756,0,890,47.658771,121.06347,0.079999998,1.479040027,1.65023005,0.039999999,0,0,0,0.495622993
757,0,891,47.658771,122.06347,0.079999998,1.299790025,1.645280004,0,0,0,0,4.386350155
758,0,892,47.658771,123.06347,0.200000003,0.831285,0.831285,0.720000029,0,0,0,5.342589855
759,0,893,47.658771,124.06347,0.200000003,0.426777005,0.375,0.959999979,0,0,0,8.504050255
760,0,894,47.658771,125.06347,0.159999996,1.154510021,0.956285,0.800000012,0,0,0,25.57729912
761,0,895,47.658771,126.06347,0.079999998,1.479040027,0.831285,0.360000014,0,0,0,24.23520088
762,0,896,47.658771,127.06347,0,1.720980048,1.089349985,0.159999996,1.279999971,60.47999954,4.960000038,124.2330017
763,0,1,18.658771,109.06347,0.200000003,0.426777005,0.426777005,8.079999924,0.639999986,25.12000084,4.320000172,24.02630043
764,0,2,18.658771,110.06347,0.239999995,0.801777005,0.125,8.56000042,0.639999986,25.12000084,4.320000172,1.325090051
765,0,160,29.658771,83.06347,-9999,-9999,-9999,-9999,-9999,-9999,-9999,-9999
766,0,161,29.658771,84.06347,0,6.759260178,0.426777005,0.239999995,0,0.079999998,0.079999998,1.461310029
767,0,199,30.658771,80.06347,-9999,-9999,-9999,-9999,-9999,-9999,-9999,-9999
768,0,200,30.658771,81.06347,0,6.378680229,2.861439943,0,0,0,0,0.226280004
769,0,201,30.658771,82.06347,0,6.647369862,1.920379996,0,0,0,0,0.726729989
770,0,202,30.658771,83.06347,0,7.048940182,1.089349985,0.159999996,0,0,0,0.546540022
771,0,203,30.658771,84.06347,0,6.869319916,0.831285,0.159999996,0,0,0,0
772,0,241,31.658771,79.06347,0,5.30919981,4.798910141,0,0,0,0,0
773,0,242,31.658771,80.06347,0,5.261899948,4.1457901,0,0,0,0,0
774,0,243,31.658771,81.06347,0,5.40255022,3.269170046,0,0,0,0,0
775,0,244,31.658771,82.06347,0,5.717299938,2.487440109,0,0,0,0,0
776,0,245,31.658771,83.06347,0,6.179599762,1.920379996,0,0,0,0,0
777,0,246,31.658771,84.06347,0,6.378680229,1.785670042,0,0,0,0,0
778,0,284,32.658771,80.06347,0,4.264709949,4.276400089,0,0,0,0,0
779,0,285,32.658771,81.06347,0,4.437069893,3.897109985,0,0,0,0,0
780,0,286,32.658771,82.06347,0,4.815340042,3.269170046,0,0,0,0,0
781,0,287,32.658771,83.06347,0,5.356070042,2.861439943,0,0,0,0,0
782,0,288,32.658771,84.06347,0,5.40255022,2.772720098,0,0,0,0,1.277199984
783,0,325,33.658771,79.06347,0,3.344810009,3.031110048,0,0,0,0,0
784,0,326,33.658771,80.06347,0,3.269229889,3.561939955,0,0,0,0,0
785,0,327,33.658771,81.06347,0,3.491080046,3.960760117,0,0,0,0,0
786,0,328,33.658771,82.06347,0,3.960740089,4.035540104,0,0,0,0,0
787,0,329,33.658771,83.06347,0,4.562240124,3.832459927,0,0,0,0,0
788,0,330,33.658771,84.06347,0,4.437069893,3.766669989,0,0,0,0,0
789,0,367,34.658771,79.06347,0,2.384929895,2.165040016,0,0,0,0,0
790,0,368,34.658771,80.06347,0,2.277770042,2.729830027,0,0,0,0,0
791,0,369,34.658771,81.06347,0,2.586030006,3.031110048,0,0,0,0,0
792,0,370,34.658771,82.06347,0,3.191770077,3.561939955,0,0,0,0,0
793,0,371,34.658771,83.06347,0,3.786839962,3.94611001,0,0,0,0,0.27809599
794,0,372,34.658771,84.06347,0,3.491080046,3.491080046,0,0,0,0,0
795,0,408,35.658771,77.06347,-9999,-9999,-9999,-9999,-9999,-9999,-9999,0
796,0,409,35.658771,78.06347,-9999,-9999,-9999,-9999,-9999,-9999,-9999,0
797,0,410,35.658771,79.06347,0.079999998,1.479040027,1.458760023,0.079999998,0,0,0,0
798,0,411,35.658771,80.06347,0.079999998,1.299790025,1.785670042,0,0,0,0,2.279269934
799,0,412,35.658771,81.06347,0.039999999,1.785269976,2.165040016,0,0,0,0,0.27809599
800,0,413,35.658771,82.06347,0,2.586030006,2.861370087,0,0,0,0,0
801,0,414,35.658771,83.06347,0,3.136590004,3.181950092,0,0,0,0,0
802,0,415,35.658771,84.06347,0,2.586030006,2.586030006,0,0,0,0,1.112390041
803,0,451,36.658771,76.06347,-9999,-9999,-9999,-9999,-9999,-9999,-9999,0
804,0,452,36.658771,77.06347,0,2.695869923,0.831285,0.239999995,0,0,0,0
805,0,453,36.658771,78.06347,0,1.785670042,0.375,0.560000002,0,0,0,0.452560008
806,0,454,36.658771,79.06347,0.159999996,0.831285,0.75,1.519999981,0,0,0,0
807,0,455,36.658771,80.06347,0.159999996,0.426777005,0.831285,1.200000048,0,0,0,0
808,0,456,36.658771,81.06347,0.079999998,1.299790025,1.479040027,0.479999989,0,0,0,0
809,0,457,36.658771,82.06347,0,2.277770042,2.372550011,0,0,0,0,0
810,0,458,36.658771,83.06347,0,2.586030006,2.372550011,0,0,0,0,0
811,0,459,36.658771,84.06347,0.039999999,1.785269976,1.785269976,0.039999999,0,0,0,0
812,0,497,37.658771,75.06347,0,1.920379996,0.426777005,0.319999993,0,0,0,0
813,0,498,37.658771,76.06347,0,1.785670042,0.831285,0.479999989,0,0,0,0
814,0,499,37.658771,77.06347,0,2.165040016,0.831285,0.479999989,0,0,0,0
815,0,500,37.658771,78.06347,0,1.920379996,0.426777005,0.800000012,0,0,0,0
816,0,501,37.658771,79.06347,0.159999996,1.089349985,0.25,1.480000019,0,0,0,0
817,0,502,37.658771,80.06347,0.159999996,0.831285,0.426777005,1.200000048,0,0,0,73.50969696
818,0,503,37.658771,81.06347,0.079999998,1.479040027,1.299790025,0.479999989,0,0,0,0
819,0,504,37.658771,82.06347,0,2.384929895,1.996410012,0,0,0,0,0
820,0,505,37.658771,83.06347,0,2.277770042,1.479040027,0.079999998,0,0,0,0
821,0,506,37.658771,84.06347,0.079999998,1.299790025,1.154510021,0.239999995,0,0,0,0
822,0,542,38.658771,74.06347,0,1.920379996,1.479040027,0.159999996,0,0,0,-9999
823,0,543,38.658771,75.06347,0.159999996,1.089349985,0.758062005,1.120000005,0,0,0,2.036520004
824,0,544,38.658771,76.06347,0.159999996,0.831285,0.728552997,1.440000057,0,0,0,0.222352996
825,0,545,38.658771,77.06347,0.079999998,1.479040027,0.375,0.920000017,0,0,0,0
826,0,546,38.658771,78.06347,0,2.229739904,0.831285,0.600000024,0,0,0,0
827,0,547,38.658771,79.06347,0,1.920379996,1.25,0.720000029,0,0,0,0
828,0,548,38.658771,80.06347,0,1.785670042,1.299790025,0.600000024,0,0,0,1.390480042
829,0,549,38.658771,81.06347,0,2.165040016,1.785269976,0.239999995,0,0,0,0
830,0,550,38.658771,82.06347,0,2.789839983,1.785670042,0,0,0,0,0
831,0,551,38.658771,83.06347,0,2.384929895,0.831285,0.159999996,0,0,0,0
832,0,552,38.658771,84.06347,0.079999998,1.479040027,0.426777005,0.400000006,0,0,0,0
833,0,586,39.658771,74.06347,-9999,-9999,-9999,-9999,-9999,-9999,-9999,0.772821009
834,0,587,39.658771,75.06347,0.159999996,0.831285,0.831285,0.800000012,0,0,0,0.226280004
835,0,588,39.658771,76.06347,0.159999996,0.426777005,0.426777005,1.039999962,0,0,0,0
836,0,589,39.658771,77.06347,0.079999998,1.299790025,0.426777005,0.720000029,0,0,0,20.30060005
837,0,590,39.658771,78.06347,0,2.265389919,1.278349996,0.239999995,0,0,0,11.80869961
838,0,591,39.658771,79.06347,0,2.165040016,2.09107995,0,0,0,0,0.546540022
839,0,592,39.658771,80.06347,0,1.785670042,2.277770042,0,0,0,0,0
840,0,593,39.658771,81.06347,0,1.920379996,2.530309916,0,0,0,0,0
841,0,594,39.658771,82.06347,0,2.310659885,1.920379996,0,0,0,0,0
842,0,595,39.658771,83.06347,0,1.920379996,1.089349985,0.159999996,0,0,0,0
843,0,596,39.658771,84.06347,0,1.720980048,0.831285,0.319999993,0,2.359999895,0.119999997,0
844,0,633,40.658771,77.06347,0.039999999,1.785269976,1.299790025,0.280000001,0,0,0,0.504377007
845,0,634,40.658771,78.06347,0,2.258419991,1.785269976,0.039999999,0,0,0,0.777647018
846,0,635,40.658771,79.06347,0.079999998,1.479040027,2.586030006,0,0,0,0,0
847,0,636,40.658771,80.06347,0.159999996,0.831285,3.232749939,0,0,0,0,9.599049568
848,0,637,40.658771,81.06347,0.159999996,1.089349985,3.211400032,0,0,0,0,0.834289014
849,0,638,40.658771,82.06347,0,1.691959977,2.387490034,0,0,0,0,0.546540022
850,0,639,40.658771,83.06347,0.159999996,1.089349985,1.65023005,0.039999999,0,0,0,0
851,0,640,40.658771,84.06347,0.159999996,0.831285,1.279510021,0.119999997,0,4.71999979,0.239999995,0
852,0,680,41.658771,79.06347,-9999,-9999,-9999,-9999,-9999,-9999,-9999,-9999
853,0,681,41.658771,80.06347,0.159999996,0.426777005,3.885449886,0,0,0,0,2.40850997
854,0,682,41.658771,81.06347,0.159999996,0.831285,3.269229889,0,0,0,0,4.099050045
855,0,683,41.658771,82.06347,0,1.540570021,2.277770042,0,0,0,0,24.89410019
856,0,684,41.658771,83.06347,0.159999996,0.831285,1.299790025,0.079999998,0,0,0,179.1710052
857,0,685,41.658771,84.06347,0.159999996,0.426777005,0.426777005,0.239999995,0,4.71999979,0.239999995,0
858,0,728,41.658771,128.06347,-9999,-9999,-9999,-9999,-9999,-9999,-9999,2.978290081
859,0,729,42.658771,81.06347,0.159999996,1.16257,3.344810009,0,0,0,0,0
860,0,730,42.658771,82.06347,0.079999998,1.479040027,2.384929895,0,0,0,0,0
861,0,731,42.658771,83.06347,0.079999998,1.479040027,1.479040027,0.079999998,0,0,0,0
862,0,732,42.658771,84.06347,0.079999998,1.299790025,0.831285,0.239999995,0,0,0,4.506420135
863,0,764,42.658771,128.06347,0.079999998,1.299790025,0.985794008,0.720000029,0,0,0,4.67140007
864,0,765,42.658771,129.06347,0.159999996,0.426777005,0.426777005,0.800000012,0,0,0,1.315430045
865,0,766,43.658771,81.06347,0.159999996,0.426777005,3.269170046,0,0,0,0,0
866,0,767,43.658771,82.06347,0.159999996,0.831285,2.664390087,0,0,0,0,5.558829784
867,0,768,43.658771,83.06347,0,1.785670042,1.891700029,0,0,0,0,1.32991004
868,0,769,43.658771,84.06347,0,1.861369967,1.089349985,0.159999996,0,0,0,1.409500003
869,0,797,43.658771,128.06347,0.079999998,1.479040027,0.831285,0.879999995,0,0,0,0.226280004
870,0,798,43.658771,129.06347,0.319999993,0.758062005,0.603552997,3.75999999,0,0,0,0.448632985
871,0,799,43.658771,130.06347,0.319999993,0.758062005,0.603552997,4.159999847,0,0,0,0.546540022
872,0,800,43.658771,131.06347,0.079999998,1.479040027,0.728552997,2.119999886,0,0,0,0.717975974
873,0,802,44.658771,82.06347,0.159999996,1.089349985,1.920379996,0,0,0,0,0
874,0,803,44.658771,83.06347,0,1.691959977,1.645280004,0,0,0,0,0.773720026
875,0,804,44.658771,84.06347,0.159999996,1.089349985,0.831285,0.319999993,0,0,0,0.546540022
876,0,831,44.658771,128.06347,0,1.616260052,0.985794008,2.079999924,0,0,0,1.171440005
877,0,832,44.658771,129.06347,0.159999996,0.831285,0.426777005,3.440000057,0,0,0,11.40200043
878,0,833,44.658771,130.06347,0.159999996,0.426777005,0.125,16.71999931,0,0,0,1.611940026
879,0,834,44.658771,131.06347,0.079999998,1.299790025,0.375,15.84000015,0,0,0,-9999
880,0,835,45.658771,83.06347,0.079999998,1.299790025,0.831285,0.159999996,0,0,0,1.491700053
881,0,836,45.658771,84.06347,0.239999995,0.831285,0.831285,0.319999993,0,0,0,0.222352996
882,0,855,45.658771,128.06347,0,1.736369967,0.831285,3.24000001,0,0,0,11.69190025
883,0,856,45.658771,129.06347,0.119999997,1.43730998,1.089349985,2.079999924,0,0,0,2.05663991
884,0,857,45.658771,130.06347,0.159999996,1.059020042,0.426777005,15.72000027,0,0,0,4.404950142
885,0,858,45.658771,131.06347,0.119999997,1.43730998,0.125,15.60000038,0,0,0,7.401450157
886,0,859,45.658771,132.06347,0,2.165040016,0.375,7.440000057,0,0,0,53.18610001
887,0,860,45.658771,133.06347,0,3.031110048,1.059839964,0.319999993,0,0,0,45.12369919
888,0,861,46.658771,83.06347,0.159999996,0.426777005,0.426777005,0.159999996,0,0,0,372.7109985
889,0,862,46.658771,84.06347,0.239999995,0.831285,1.184020042,0.159999996,0,0,0,101.0540009
890,0,878,46.658771,128.06347,0.079999998,1.479040027,1.089349985,3.039999962,0.639999986,30.23999977,2.480000019,1
891,0,879,46.658771,129.06347,0.159999996,1.154510021,1.423629999,0.280000001,0.319999993,15.11999989,1.24000001,0.273270011
892,0,880,46.658771,130.06347,0.200000003,0.426777005,0.758062005,7.480000019,0,0,0,198.2669983
893,0,881,46.658771,131.06347,0.159999996,0.831285,0.758062005,7.840000153,0,0,0,58.01890182
894,0,882,46.658771,132.06347,0,1.785670042,0.426777005,4.199999809,0,0,0,5.05092001
895,0,883,46.658771,133.06347,0,2.772720098,0.625,0.560000002,0,0,0,4
896,0,897,47.658771,128.06347,0.159999996,0.831285,1.616260052,0,1.279999971,60.47999954,4.960000038,0.72190398
897,0,898,47.658771,129.06347,0.239999995,0.426777005,1.299790025,0.200000003,0.639999986,30.23999977,2.480000019,1.055739999
898,0,899,47.658771,130.06347,0.239999995,0.801777005,0.426777005,0.400000006,0,0,0,0.27809599
899,0,900,47.658771,131.06347,0.159999996,1.089349985,0.831285,0.439999998,0,0,0,-9999
900,0,901,47.658771,132.06347,-9999,-9999,-9999,-9999,-9999,-9999,-9999,-9999
901,0,902,47.658771,133.06347,0,2.861439943,0.25,0.400000006,0,0,0,4.162680149
902,0,903,47.658771,134.06347,0,3.832459927,0.831285,0.239999995,0,0,0,3
903,0,904,48.658771,87.06347,0,3.960740089,1.479040027,0.560000002,0,0,0,0
904,0,905,48.658771,116.06347,-9999,-9999,-9999,-9999,-9999,-9999,-9999,0
905,0,906,48.658771,117.06347,0.159999996,0.831285,2.772720098,0,0,0,0,0
906,0,907,48.658771,118.06347,0.159999996,1.089349985,1.785670042,0,0,0,0,0.222352996
907,0,908,48.658771,119.06347,0.159999996,1.089349985,0.831285,0.639999986,0,0,0,2.500449896
908,0,909,48.658771,120.06347,0.159999996,0.831285,0.426777005,0.639999986,0,0,0,1.986420035
909,0,910,48.658771,121.06347,0.079999998,1.479040027,1.299790025,0.319999993,0,0,0,1.623999953
910,0,911,48.658771,122.06347,0,1.996410012,1.981469989,0,0,0,0,0
911,0,912,48.658771,123.06347,0.079999998,1.479040027,1.278349996,0.400000006,0,0,0,0
912,0,913,48.658771,124.06347,0.079999998,1.299790025,0.426777005,0.479999989,0,0,0,3.640520096
913,0,914,48.658771,125.06347,0.039999999,1.785269976,0.831285,0.400000006,0,0,0,357.0639954
914,0,915,48.658771,126.06347,0,2.055429935,0.426777005,0.159999996,0,0,0,2.858050108
915,0,916,48.658771,127.06347,0,1.680960059,0.831285,0.239999995,1.279999971,60.47999954,4.960000038,0.226280004
916,0,917,48.658771,128.06347,0.159999996,1.089349985,0.831285,0.159999996,1.279999971,60.47999954,4.960000038,0
917,0,918,48.658771,129.06347,0.159999996,0.831285,0.985794008,0.319999993,0.639999986,30.23999977,2.480000019,0.782473028
918,0,919,48.658771,130.06347,0.079999998,1.458760023,0.426777005,0.319999993,0,0,0,1.131399989
919,0,920,49.658771,117.06347,-9999,-9999,-9999,-9999,-9999,-9999,-9999,-9999
920,0,921,49.658771,119.06347,0.159999996,0.831285,0.831285,0.639999986,0,0,0,0
921,0,922,49.658771,120.06347,0.159999996,0.426777005,0.426777005,0.639999986,0,0,0,0
922,0,923,49.658771,121.06347,0.079999998,1.299790025,1.299790025,0.319999993,0,0,0,1.333840013
923,0,924,49.658771,122.06347,0,2.277770042,2.199409962,0,0,0,0,0.27809599
924,0,925,49.658771,123.06347,0,2.384929895,1.785269976,0.039999999,0,0,0,0
925,0,926,49.658771,124.06347,0,2.277770042,1.299790025,0.079999998,0,0,0,0
926,0,927,49.658771,125.06347,0,2.270800114,1.479040027,0.119999997,0,0,0,0.551366985
927,0,928,49.658771,126.06347,0.079999998,1.479040027,1.299790025,0.079999998,0,0,0,0.499550015
928,0,929,49.658771,127.06347,0.159999996,0.831285,1.204300046,0.159999996,0,0,0,0.500450015
929,0,930,50.658771,120.06347,0.079999998,1.299790025,0.831285,0.400000006,0,0,0,0
930,0,931,50.658771,121.06347,0.039999999,1.785269976,1.479040027,0.200000003,0,0,0,0.546540022
931,0,932,50.658771,122.06347,0,2.199409962,2.199409962,0,0,0,0,0.726729989
932,0,933,50.658771,123.06347,0,2.384929895,2.258419991,0,0,0,0,0
933,0,934,50.658771,124.06347,0,2.810980082,2.265389919,0,0,0,0,0
934,0,935,50.658771,125.06347,0,2.277770042,2.384929895,0,0,0,0,0
935,0,936,50.658771,126.06347,0.079999998,1.299790025,2.277770042,0,0,0,0,0
936,0,937,50.658771,127.06347,0.159999996,0.426777005,1.785269976,0.039999999,0,0,0,1.61916995
937,0,938,51.658771,121.06347,0.039999999,1.785269976,1.258059978,0.119999997,0,0,0,0
938,0,939,51.658771,122.06347,0.079999998,1.299790025,1.299790025,0.079999998,0,0,0,0.725830972
939,0,940,51.658771,123.06347,0.079999998,1.479040027,1.479040027,0.079999998,0,0,0,0.226280004
940,0,941,51.658771,124.06347,0,2.165040016,2.165040016,0,0,0,0,1.093080044
941,0,942,51.658771,125.06347,0,2.530309916,2.983150005,0,0,0,0,0.222352996
942,0,943,51.658771,126.06347,0.039999999,1.785269976,3.151730061,0,0,0,0,0.222352996
943,0,944,52.658771,120.06347,-9999,-9999,-9999,-9999,-9999,-9999,-9999,-9999
944,0,945,52.658771,121.06347,0.079999998,1.299790025,1.258059978,0.119999997,0,0,0,0
945,0,946,52.658771,122.06347,0.159999996,0.426777005,0.426777005,0.159999996,0,0,0,0.556192994
946,0,947,52.658771,123.06347,0.159999996,0.831285,0.831285,0.159999996,0,0,0,0
947,0,948,52.658771,124.06347,0,1.785670042,1.785670042,0,0,0,0,28.42009926
948,0,949,52.658771,125.06347,0,2.719480038,2.772720098,0,0,0,0,0.72190398