FID,OID_,pointID,ncov_recov,ncov_death,ncov_cases,acc_to_c,hc_dist,hc_dens,airport_de,airport_di,pop_dens
0,0,9,0,0,0,105.0009995,0.982879996,0.269147009,0.551306009,0.908472002,17.2241993
1,0,10,0,0,0,256.5650024,0.190369993,1.575880051,0.525389016,0.149561003,11.93729973
2,0,21,0,0,0,283.7210083,0.530753016,0.966221988,0.429540992,0.901145995,6.459430218
3,0,22,0,0,0,22.27070045,0.376049012,0.552766025,0.318309993,0.110036001,1357.180054
4,0,23,0,0,0,519.7440186,0.154704005,0.920238972,0.238367006,0.919757009,36.51499939
5,0,40,0,0,0,295.5629883,0,8.931130409,0.582593977,0.47931999,9.448040009
6,0,41,0,0,0,154.7180023,0.484021008,15.95119953,0.954930007,0.459915996,21.89080048
7,0,42,0,0,0,162.4570007,0.572234988,30.43740082,0.483565986,0.93068701,11.37930012
8,0,43,6.36619997,0,48.70140076,137.2310028,0.87371099,11.7578001,0.054025698,1.274289966,5.47811985
9,0,61,0,0,0,47.96820068,0.138723999,27.38190079,0.502650976,0.567633986,25.30039978
10,0,62,0,0,0,112.6289978,0.154704005,43.69860077,0.483565986,0.208805993,5.454919815
11,0,63,3.692759991,0,28.24959946,498.9840088,0.051645201,21.90859985,0.452279001,0.79154402,4.562819958
12,0,82,0,0,0,601.5910034,0.645343006,1.568959951,0.111230999,1.200399995,9.447110176
13,0,83,0,0,0,385.1910095,0.035665799,13.46630001,0.605332017,0.218382999,74.49459839
14,0,84,0,0,0,625.5029907,0.190369993,9.926710129,0.613882005,0.709966004,42.6228981
15,0,104,0,0,0,120.4729996,1.606279969,0,0,2.397480011,-9999
16,0,105,0,0,0,286.7449951,0.051645201,2.678060055,0.264284015,0.662303984,5.975619793
17,0,106,0,0,0,227.4490051,0.325610012,3.338490009,0.502650976,0.36173901,2.392889977
18,0,107,0,0,0,360.178009,0.867092013,1.482529998,0.054025698,1.181190014,2.231110096
19,0,127,0,0,0,246.1349945,0.860334992,0.183735996,0,4.819439888,1.389860034
20,0,128,0,0,0,193.2330017,1.574440002,0,0,3.829489946,0.782473028
21,0,129,0,0,0,759.3189697,0.87302798,0.084632203,0,2.846539974,1.35374999
22,0,130,0,0,0,178.5599976,0.688318014,0.46855101,0,1.881690025,4.187339783
23,0,131,0,0,0,545.7609863,0.612878978,0.200183004,0.111230999,0.98941499,0.556192994
24,0,132,0,0,0,541.3599854,0.749552011,2.051769972,0.318309993,0.645920992,0.772821009
25,0,133,0,0,0,238.2910004,0.551644981,0.586678982,0.022738099,1.361850023,2.604079962
26,0,134,0,0,0,554.7050171,1.025149941,0.183735996,0,1.38677001,1.83912003
27,0,135,0,0,0,889.7210083,1.485880017,0,0,1.852290034,2.054840088
28,0,136,0,0,0,583.460022,0.654703975,0.319088012,0,1.894209981,0
29,0,137,0,0,0,760.4520264,0.345295995,1.361829996,0.153053001,1.131620049,4.806310177
30,0,138,0,0,0,507.1059875,0.572234988,0.995377004,0.184340999,0.986522019,0.674914002
31,0,139,0,0,0,637.322998,1.004019976,0.233677998,0,1.319219947,12.25590038
32,0,162,0,0,0,355.8859863,0.816249013,0.386496007,0,5.794769764,0.273270011
33,0,163,0,0,0,580.6849976,1.288310051,0.068186,0,4.79764986,0
34,0,164,0,0,0,270.8819885,1.636839986,0,0,3.802020073,2.084409952
35,0,165,0,0,0,335.5969849,0.815705001,0.269147009,0,2.809509993,1.897269964
36,0,166,0,0,0,66.83630371,0.174390003,0.771193027,0,1.825199962,2.22145009
37,0,167,0,0,0,319.9339905,0.464334011,1.646819949,0.264284015,0.877424002,4.090380192
38,0,168,0,0,0,2.27899003,0.190369993,2.982919931,0.318309993,0.457482994,75.04060364
39,0,169,0,0,0,278.7449951,0.448354989,2.106509924,0.054025698,1.282739997,0.452560008
40,0,170,0,0,0,751.9780273,0.902758002,0.068186,0,1.309280038,3.766489983
41,0,171,0,0,0,683.2839966,0.196988001,0.402942002,0.318309993,0.470497996,11.36919975
42,0,172,0,0,0,2516.159912,0.521391988,0.752170026,0.207078993,0.852595985,0
43,0,173,0,0,0,1661.52002,0.376049012,0.502045989,0,1.329749942,32.75960159
44,0,174,0,0,0,1578.900024,1.354859948,0,0.133968994,0.853155971,0.72190398
45,0,175,0,0,0,471.4509888,1.170899987,0,0.022738099,1.299110055,10.30070019
46,0,176,0,0,0,563.1810303,1.036219954,0.252701014,0,2.030440092,1.231109977
47,0,177,0,0,0,795.7020264,0.521795988,0.636619985,0,1.953379989,2.73458004
48,0,178,0,0,0,629.3120117,0.721379995,1.174909949,0,2.006839991,1.389860034
49,0,204,0,0,0,510.0029907,1.288310051,0,0,5.947340012,0.226280004
50,0,205,0,0,0,535.9260254,2.064009905,0,0,4.980860233,0.773720026
51,0,206,0,0,0,593.8250122,2.203660011,0,0,4.030759811,1
52,0,207,0,0,0.193122,646.8140259,1.500890017,0.049941201,0,3.112010002,1.461310029
53,0,208,0,0,0,194.1080017,0.98772198,0.118127003,0,2.263439894,1.218430042
54,0,209,0,0,0,537.5609741,1.279889941,0.118127003,0,1.60097003,0.273270011
55,0,210,0,0,0,209.1450043,0.98772198,0.945017993,0,1.414909959,2.592710018
56,0,211,0,0,0,297.5570068,1.279889941,0.477302015,0,1.854110003,0.273270011
57,0,212,0,0,0,315.0960083,1.429929972,0,0,1.872169971,0.448632985
58,0,213,0,0,0,1045.97998,0.98772198,0.168068007,0,1.419039965,1.05182004
59,0,214,0,0,0,866.1160278,0.521795988,0.436437011,0,1.58754003,3.285340071
60,0,215,0,0,0,446.7669983,0.954958975,1.063549995,0.153053001,1.031190038,4.770689964
61,0,216,0,0,0,416.3580017,0.612878978,2.864789963,0.318309993,0.156406999,4.348840237
62,0,217,0,0,0,928.3499756,1.025149941,1.209220052,0.054025698,0.991990983,3.003030062
63,0,218,0,0,0,696.0869751,1.089069963,0.365673989,0,1.986070037,0.678840995
64,0,219,0,0,0,586.8729858,0.521795988,0.718675017,0,2.932379961,0
65,0,220,0,0,0,381.1409912,0.557461977,1.19472003,0,2.880049944,0.226280004
66,0,247,0,0,0,628.0410156,2.135809898,0,0,6.258259773,0
67,0,248,0,0,0,772.7299805,2.691279888,0,0,5.348269939,0
68,0,249,0,0,0.097987399,753.2739868,2.908529997,0,0,4.476799965,0
69,0,250,0,0,0.318309993,633.6870117,2.274719954,0,0,3.671309948,1.16268003
70,0,251,0,0,0.220321998,439.1749878,1.968029976,0,0,2.986109972,0
71,0,252,0,0,0,258.743988,1.730239987,0,0,2.521159887,1.32901001
72,0,253,0,0,0,393.4410095,0.87302798,0.250124007,0,2.407170057,0.226280004
73,0,254,0,0,0,94.99479675,0.688318014,0.268368989,0,2.689069986,3.705300093
74,0,255,0,0,0,247.7369995,1.463129997,0,0,2.701440096,3.22145009
75,0,256,0,0,0,269.0599976,1.839769959,0,0,2.409590006,4.091279984
76,0,257,0,0,0,229.8350067,1.474640012,0,0,2.304529905,2.908960104
77,0,258,0,0,0,491.6210022,1.238100052,0.449470997,0,1.507480025,2.829740047
78,0,259,0,0,0,574.1110229,0.521795988,2.864789963,0.264284015,1.110350013,1.678840041
79,0,260,0,0,0,654.6380005,0.572234988,2.309269905,0,1.480399966,1.546540022
80,0,261,0,0,0,834.4329834,0.376049012,1.224079967,0,2.269850016,0
81,0,262,0,0,0,447.9880066,0.196988001,1.386989951,0,3.17998004,1.491700053
82,0,263,0,0,0,835.8599854,0.649644971,1.676180005,0,2.935529947,1.616140008
83,0,289,0,0,0,859.3930054,3.075649977,0,0,5.501060009,0
84,0,290,0,0,0,1596.170044,3.484920025,0,0,5.498819828,0
85,0,291,0,0,0.038537402,1247.410034,3.65760994,0,0,5.082779884,0
86,0,292,0,0,0.125187993,782.4299927,3.174109936,0,0,4.38985014,0
87,0,293,0,0,0,608.8699951,2.682450056,0,0,3.835269928,0
88,0,294,0,0,0,934.6389771,1.722030044,0,0,3.485500097,0.222352996
89,0,295,0,0,0,587.2080078,0.815705001,0.202758998,0,3.403949976,0.717975974
90,0,296,0,0,0,315.006012,0.612273991,0.318309993,0,3.608819962,1.273270011
91,0,297,0,0,0,465.5710144,1.428290009,0,0,3.618000031,0.667059004
92,0,298,0,0,0,1186.219971,2.374209881,0,0,3.02779007,1.726729989
93,0,299,0,0,0,854.4990234,2.192549944,0,0,2.031719923,0
94,0,300,0,0,0,730.5980225,1.289530039,0.134572998,0.111230999,1.043190002,3.937580109
95,0,301,0,0,0,620.8410034,0.612878978,0.587457001,0.318309993,0.214857996,2.529030085
96,0,302,0,0,0,867.2969971,0.515978992,1.054810047,0.054025698,1.004420042,0.551366985
97,0,303,0,0,0,618.0390015,0.612273991,0.953733981,0,1.992329955,0
98,0,304,0,0,0,1106.72998,0.521795988,1.191179991,0,2.988270044,1.560119987
99,0,305,0,0,0,428.7130127,0.612273991,1.001099944,0,2.683530092,5.609749794
100,0,331,0,0,0,1353.109985,4.044350147,0,0,4.50646019,0.500450015
101,0,332,0,0,0,1480.160034,4.363920212,0,0,4.50372982,0
102,0,333,0,0,0,1377.369995,4.473400116,0,0,4.717750072,0
103,0,334,0,0,0,1603.550049,3.924679995,0,0,5.095049858,0
104,0,335,0,0,0,938.5369873,3.029160023,0,0,4.743559837,0
105,0,336,0,0,0,1098.550049,2.207329988,0,0,4.465549946,0
106,0,337,0,0,0,1358.109985,1.604259968,0,0,4.402190208,0.448632985
107,0,338,0,0,0,203.3540039,1.507019997,0,0,3.774559975,0.222352996
108,0,339,0,0,0,719.875,1.987619996,0,0,3.149460077,0.27809599
109,0,340,0,0,0,1449.680054,2.762589931,0,0,2.755970001,1.820709944
110,0,341,0,0,0,1178.689941,2.206559896,0,0,2.170330048,0
111,0,342,0,0,0,661.0289917,1.250309944,0.049941201,0,1.292580009,0
112,0,343,0,0,0,604.0209961,0.521795988,0.502825022,0.184340999,0.793304026,2.107559919
113,0,344,0,0,0,1391.349976,0.448354989,0.70480603,0.031287599,1.261070013,1.768890023
114,0,345,0,0,0,529.0650024,0.975852013,0.136372,0,2.133470058,2.453459978
115,0,346,0,0,0,465.1010132,1.474640012,0,0,3.084180117,1.786399961
116,0,347,0,0,0,341.9429932,0.815705001,0.318309993,0,2.789920092,0.725830972
117,0,373,0,0,0,3612.219971,3.618659973,0,0,3.514919996,0
118,0,374,0,0,0,3963.790039,3.575870037,0,0,3.511409998,0
119,0,375,0,0,0,3744.810059,3.804500103,0,0,3.781970024,0
120,0,376,0,0,0,3259.919922,4.045219898,0,0,4.275010109,0
121,0,377,0,0,0,2517.27002,3.589509964,0,0,4.924530029,0
122,0,378,0,0,0,2911.050049,2.96243,0,0,4.954629898,0.504377007
123,0,379,0,0,0,1902.119995,2.54437995,0,0,4.027740002,0
124,0,380,0,0,0,1433.180054,2.483400106,0,0,3.145910025,0
125,0,381,0,0,0,517.3540039,2.802279949,0,0,2.360029936,0.444705993
126,0,382,0,0,0,1167.689941,3.281300068,0,0,1.801730037,0.444705993
127,0,383,0,0,0,567.6989746,2.602600098,0,0,1.709360003,0.546540022
128,0,384,0.965610027,0,3.476200104,556.7589722,1.863440037,0,0,2.050349951,0.556192994
129,0,385,0,0,0,752.1760254,1.474640012,0,0,1.79234004,1.390480042
130,0,386,0,0,0,297.1600037,1.448349953,0,0,2.042490005,0.273270011
131,0,387,0,0,0,352.8800049,1.691679955,0,0,2.670840025,0.27809599
132,0,388,0,0,0,426.7170105,2.05140996,0,0,2.70807004,0.273270011
133,0,389,0,0,0,332.6419983,1.604259968,0.049941201,0,2.076620102,1
134,0,416,0,0,0,6099.02002,2.643870115,0,0,2.530050039,0
135,0,417,0,0,0,7057.569824,2.585259914,0,0,2.525170088,0
136,0,418,0,0,0,5769.52002,2.892810106,0,0,2.889610052,0
137,0,419,0,0,0,5089.470215,3.243289948,0,0,3.510370016,0
138,0,420,0,0,0,3597.879883,2.80907011,0,0,4.277609825,0
139,0,421,0,0,0,3463.189941,2.566699982,0,0,4.711699963,0
140,0,422,0,0,0,2446.25,2.688910007,0,0,3.724819899,0
141,0,423,0,0,0,1914.51001,3.104320049,0,0,2.747430086,0
142,0,424,0,0,0,1054.040039,3.679320097,0,0,1.795040011,0
143,0,425,0,0,0,92.145401,3.90914011,0,0.111230999,0.947255015,0.546540022
144,0,426,0.489937007,0,1.763769984,358.7380066,3.267610073,0,0.165255994,0.756779015,0
145,0,427,1.591549993,0,5.729579926,851.6790161,2.715709925,0,0.022738099,1.498460054,0
146,0,428,1.101609945,0,3.965810061,1136.680054,2.215820074,0,0,2.432909966,0.226280004
147,0,429,0,0,0,347.3590088,1.685899973,0,0,2.958879948,0.222352996
148,0,430,0,0,0,730.6740112,1.606279969,0,0,3.119080067,0.551366985
149,0,431,0,0,0,306.4689941,1.255130053,0.084632203,0,2.169620037,29.79389954
150,0,432,0,0,0,151.7700043,1.124740005,0.538712025,0,1.298400044,2.00090003
151,0,3,6.36619997,0.954930007,45.83660126,82.26760101,0.309630007,3.352969885,0.318309993,0.459787011,367.4559937
152,0,4,0,0,0,62.69480133,0.154704005,7.892250061,0.494100988,0.64744997,403.8880005
153,0,5,0,0,0,25.45730019,0.196988001,7.618599892,0.133968994,0.957158983,216.2250061
154,0,6,0,0,0,-9999,0.0159794,5.174600124,0.341048002,0.277747989,-9999
155,0,7,0,0,0,30.27190018,0.325610012,9.365200043,0.613882005,0.550661027,349.7430115
156,0,8,0,0,0,4.631060123,0.051645201,6.720019817,0.207078993,0.802293003,386.2839966
157,0,11,0,0,0,182.4660034,0.345295995,3.107959986,0.054025698,1.103790045,6.817490101
158,0,12,0,0,0,36.70849991,0.530753016,3.71449995,0,2.101170063,95.81990051
159,0,13,0,0,0,33.89479828,0.930929005,7.209780216,0.022738099,1.113610029,232.098999
160,0,14,0,0,0,128.3280029,0.196988001,21.7064991,0.318309993,0.138052002,83.00250244
161,0,15,4.411180019,0.133671999,28.73950005,63.02090073,0.345295995,15.45160007,0.360132992,0.892960012,50.20130157
162,0,16,0,0,0,5.018249989,0.190369993,2.000420094,0.031287599,1.35540998,1569.380005
163,0,17,0,0,0,198.4019928,0,9.197500229,0.133968994,0.799004972,15.03460026
164,0,18,0,0,0,87.81759644,0.154704005,50.66289902,0.022738099,1.14598,66.67590332
165,0,19,49.43009949,0.329647005,280.6480103,0.552519977,0,160.9880066,0.900904,0.561842978,185.9160004
166,0,20,28.59729958,0.451981992,175.5180054,0,0.035665799,110.1210022,0.506304026,0.913685977,2576.780029
167,0,24,0,0,0,203.0509949,0.5,3.159310102,0.031287599,1.404139996,2.348929882
168,0,25,0,0,0,53.19630051,0,5.544040203,0,1.339930058,58.38359833
169,0,26,0,0,0,120.6179962,0.464334011,2.747260094,0,1.715209961,139.2089996
170,0,27,0,0,0,154.7920074,0.572234988,2.376440048,0,1.448320031,138.048996
171,0,28,0,0,0,255.6080017,0.0159794,5.097270012,0.287021995,0.621761978,62.65840149
172,0,29,0,0,0,41.66579819,0.051645201,5.828680038,0.318309993,0.462579995,108.7699966
173,0,30,10.50419998,0.318309993,68.43659973,94.94960022,0.816249013,10.74330044,0.184340999,1.05824995,535.4580078
174,0,31,10.50419998,0.318309993,68.43659973,20.49510002,0.557461977,8.286820412,0.318309993,0.713353992,35.62960052
175,0,32,0,0,0,164.2669983,0.345295995,3.009429932,0.165255994,0.889521003,16.88640022
176,0,33,0,0,0,209.8150024,0.190369993,3.069710016,0.318309993,0.277646005,31.42880058
177,0,34,0,0,0,26.91399956,0.464334011,25.92849922,0.207078993,0.869620025,61.47930145
178,0,35,67.48169708,0.318309993,374.651001,1.066159964,0,125.9820023,0.613882005,0.332464993,586.1480103
179,0,36,54.87829971,0.258859992,304.678009,225.6260071,0.309630007,81.65550232,0.414157987,0.793282986,7.076069832
180,0,37,0,0,0,15.23789978,0.867092013,4.161849976,0,1.263389945,68.62560272
181,0,38,0,0,0,133.9170074,0.154704005,16.73609924,0.551306009,0.705307007,3.928550005
182,0,39,0,0,0,2.119630098,0,22.31920052,0.341048002,0.371125013,-9999
183,0,44,5.595449924,0,42.80519867,67.32510376,0.196988001,46.21969986,0.264284015,0.769432008,17.40460014
184,0,45,0,0,0,158.5200043,0.345295995,58.10900116,0.318309993,0.428380996,19.5977993
185,0,46,0,0,0,204.1940002,1.063730001,0.986626029,0.133968994,1.025480032,736.6090088
186,0,47,0,0,0,457.2810059,0.521795988,0.518074989,0.318309993,0.456569999,34.19779968
187,0,48,0,0,0,244.9730072,0.867092013,1.653599977,0.207078993,0.99100399,3.59262991
188,0,49,0,0,0,192.9100037,0.766978025,3.208060026,0.295572013,0.904125988,32.16500092
189,0,50,1.271729946,0.038537402,8.285539627,2.300290108,0.196988001,1.071259975,0.133968994,0.878141999,220.7299957
190,0,51,4.131199837,0.125187993,26.91539955,42.73070145,0.325610012,4.958380222,0.318309993,0.531870008,238.9290009
191,0,52,0,0,0,522.8619995,0.484021008,9.483810425,0.525389016,0.487987995,6.774050236
192,0,53,0,0,0,274.3259888,0.051645201,4.751470089,0.318309993,0.925069988,10.11470032
193,0,54,0,0,0,74.59010315,0.484021008,1.540169954,0,1.48040998,11.53349972
194,0,55,0,0,0,79.06620026,0.154704005,7.475399971,0,1.244140029,4.21009016
195,0,56,0,0,0,153.0910034,0.464334011,6.556379795,0,1.394919991,31.32819939
196,0,57,0,0,0,25.52639961,0.902758002,3.684550047,0.287021995,1.03670001,41.83679962
197,0,58,0,0,0,305.7539978,0.521795988,3.329210043,0.429540992,0.252292991,6.894649982
198,0,59,0,0,0,51.03310013,0.345295995,11.24510002,0.341048002,1.000429988,91.19580078
199,0,60,0,0,0,1.25996995,0.0159794,12.07870007,0.605332017,0.159805998,170.3650055
200,0,64,5.177199841,0,39.60559845,26.07250023,0.634872019,37.3832016,0.287021995,0.873411,7.0854702
201,0,65,0,0,0,139.727005,0.484021008,45.27230072,0.207078993,0.755713999,12.83959961
202,0,66,0,0,0,15.56389999,0.376049012,2.284849882,0.153053001,1.077209949,185.4689941
203,0,67,0,0,0,34.37039948,0.822395027,0.084632203,0.318309993,0.564966023,73.69219971
204,0,68,0,0,0,228.2460022,0.688318014,1.418529987,0.142517999,1.090190053,28.93729973
205,0,69,2.27241993,0.133671999,16.97629929,245.2830048,0.654703975,4.005809784,0.398252994,0.842716992,27.27129936
206,0,70,0,0,0,197.0099945,0.345295995,1.70333004,0.318309993,0.219435006,35.18920135
207,0,71,0,0,0,279.125,0.963127971,1.385319948,0.341048002,0.700429976,20.84630013
208,0,72,0,0,0,44.82210159,0.154704005,7.042660236,0.318309993,0.590577006,227.0299988
209,0,73,0,0,0,60.64609909,0.628252983,5.078770161,0.207078993,0.982128024,141.2949982
210,0,74,0,0,0,22.30529976,0.464334011,2.132240057,0.133968994,1.118209958,411.6180115
211,0,75,0,0,0,20.57060051,0.138723999,3.536099911,0,1.594589949,42.74380112
212,0,76,0,0,0,75.15579987,0.190369993,10.57390022,0.264284015,0.914930999,15.86540031
213,0,77,0,0,0,94.80110168,0.051645201,13.6019001,0.341048002,0.177744001,185.8009949
214,0,78,0,0,0,395.303009,0.376049012,4.170509815,0.318309993,0.706772983,2.226279974
215,0,79,4.409430027,0,26.16259956,82.10980225,0.325610012,2.427930117,0.318309993,0.293504,1.731559992
216,0,80,14.32390022,0,84.98870087,41.84529877,0.464334011,8.175789833,0.360132992,0.977580011,9.220020294
217,0,85,0,0,0,378.7449951,0.376049012,3.721390009,0.318309993,0.319626987,12.35070038
218,0,86,0,0,0,152.4819946,0.325610012,3.646080017,0.165255994,0.947256029,9.464010239
219,0,87,0,0,0,54.87530136,0.612273991,1.939820051,0.318309993,0.741218984,71.25879669
220,0,88,0,0,0,28.54999924,0.573441029,0.634820998,0.022738099,1.475000024,131.048996
221,0,89,3.938210011,0.231658995,29.42070007,58.63880157,0.484021008,10.44320011,0.264284015,0.746213019,136.4069977
222,0,90,5.411270142,0.318309993,40.42539978,50.90790176,0.051645201,26.41279984,0.318309993,0.326541007,28.11000061
223,0,91,0,0,0,100.5350037,0.345295995,1.692450047,0.054025698,1.109889984,111.348999
224,0,92,0,0,0,523.6959839,1.26493001,0.219206005,0.452279001,0.325571001,54.07030106
225,0,93,0,0,0,68.9878006,0.645343006,1.355290055,0.076763697,0.970395029,21.96689987
226,0,94,14.68410015,0.059450001,54.21839905,65.32499695,0.361276001,2.304080009,0.264284015,0.86304599,189.8059998
227,0,95,33.01699829,0.133671999,121.9089966,57.15819931,0.174390003,3.596920013,0.318309993,0.189573005,219.4929962
228,0,96,0,0,0,37.25669861,0.325610012,3.8510499,0.054025698,1.152250051,271.2860107
229,0,97,0,0,0,38.55250168,0.68571502,4.103169918,0.417338014,0.676638007,29.10390091
230,0,98,7.609600067,0.059450001,47.79779816,22.39839935,0.5,8.058819771,0.502650976,0.451582015,36.58779907
231,0,99,17.11000061,0.133671999,107.4720001,20.61100006,0.881865025,1.851770043,0.207078993,1.223270059,1158.469971
232,0,100,4.409430027,0,26.16259956,374.4890137,0.154704005,2.581949949,0.184340999,1.043900013,10.74750042
233,0,101,14.32390022,0,84.98870087,189.2109985,0.174390003,2.852030039,0.133968994,1.081670046,18.59180069
234,0,108,0,0,0,188.701004,0.190369993,3.057029963,0.502650976,0.388455003,7.610779762
235,0,109,0,0,0,246.5010071,0.051645201,3.329149961,0.429540992,0.75691402,3.124449968
236,0,110,0,0,0,31.63500023,0.542285025,4.270219803,0.429540992,0.473210007,28.96680069
237,0,111,0,0,0,80.29489899,0.154704005,5.210490227,0.165255994,1.227740049,134.397995
238,0,112,0.655135989,0.038537402,4.894249916,445.7810059,0.5,19.11759949,0.022738099,1.308680058,185.7859955
239,0,113,2.128190041,0.125187993,15.89890003,15.02560043,0.035665799,35.48109818,0.184340999,1.201220036,614.9899902
240,0,114,0,0,0,262.5599976,0.824404001,10.87639999,0.264284015,0.947246015,52.98799896
241,0,115,0,0,0,103.4469986,1.127110004,0.403719991,0.318309993,0.102578998,1726.609985
242,0,116,0,0,0,45.25429916,0.196988001,1.884690046,0.054025698,1.061079979,64.32019806
243,0,117,78.62249756,0.318309993,290.2990112,67.61419678,0.190369993,4.375060081,0,1.236330032,105.5820007
244,0,118,78.62249756,0.318309993,290.2990112,25.26429939,0.154704005,26.28849983,0.207078993,0.904114008,1329.880005
245,0,119,0,0,0,19.50320053,0.035665799,56.96440125,0.318309993,0.508958995,116.473999
246,0,120,0,0,0,0.552519977,0.361276001,20.65139961,0.318309993,0.947880983,445.4289856
247,0,121,40.74369812,0.318309993,255.9210052,52.49700165,0.309630007,13.82649994,0.184340999,0.842923999,13.06779957
248,0,122,40.74369812,0.318309993,255.9210052,121.3010025,0.190369993,45.23490143,0.133968994,1.195170045,174.095993
249,0,123,0,0,0,117.2969971,0.0159794,10.10879993,0.264284015,0.960152984,297.1789856
250,0,124,0,0,0,35.8219986,0.484021008,5.385529995,0.318309993,0.109142996,210.9149933
251,0,140,0,0,0,598.3790283,0.645343006,0.973535001,0.295572013,0.662231982,2.679739952
252,0,141,0,0,0,82.93090057,0.325610012,2.120349884,0.031287599,1.068500042,12.55440044
253,0,142,0,0,0,79.06300354,0.154704005,17.59819984,0.318309993,0.544120014,29.53569984
254,0,143,0,0,0,82.85579681,0.051645201,26.78709984,0.636619985,0.392378002,2151.409912
255,0,144,0,0,0,524.007019,0.051645201,17.11109924,0.429540992,0.691062987,89.94049835
256,0,145,0,0,0,614.9000244,0.190369993,16.50060081,0.133968994,1.100939989,41.56880188
257,0,146,0,0,0,338.7250061,0.678956985,1.521829963,0.111230999,1.194460034,124.4560013
258,0,147,0,0,0,125.5910034,0.688318014,1.178300023,0.318309993,0.898823023,163.5079956
259,0,148,0,0,0,249.9669952,0.56408,3.214799881,0.287021995,0.573629022,37.21239853
260,0,149,9.5187397,0.038537402,35.14609909,118.8030014,0.506618977,5.724450111,0.605332017,0.658882022,19.52079964
261,0,150,21.40270042,0.086650498,79.02529907,74.65019989,0.035665799,22.70190048,0.318309993,0.53708899,108.7890015
262,0,151,0,0,0,42.88050079,0.448354989,52.06290054,0.318309993,0.519312978,191.3970032
263,0,152,0,0,0,252,0.376049012,7.95138979,0.207078993,1.032580018,13.53989983
264,0,153,4.932789803,0.038537402,30.98410034,77.83139801,0.190369993,38.70650101,0.264284015,0.897224009,10.2741003
265,0,154,11.09130001,0.086650498,69.66699982,6.46573019,0,84.57369995,0.452279001,0.231791005,257.3729858
266,0,155,0,0,0,17.53989983,0,34.56420135,0.341048002,0.753862023,530.9890137
267,0,156,0,0,0,23.3885994,0,20.11540031,0.605332017,0.830528975,1.777649999
268,0,179,5.053249836,0.059450001,24.79059982,339.8940125,0.659006,2.027990103,0,1.651170015,99.49250031
269,0,180,11.36209965,0.133671999,55.74119949,718.5830078,0.190369993,2.110640049,0,1.374300003,8.339810371
270,0,181,0,0,0,0.578821003,0.138723999,37.53649902,0.287021995,0.942734003,376.3800049
271,0,182,0,0,0,11.32419968,0,25.66419983,0.391420007,0.882236004,330.6369934
272,0,183,0,0,0,31.73620033,0.051645201,23.10330009,0.582593977,0.588289022,191.9499969
273,0,184,16.67950058,0.463319004,113.2809982,35.37770081,0.361276001,16.66839981,0.318309993,0.417248011,124.7730026
274,0,185,22.91830063,0.636619985,155.654007,400.9949951,0.56408,3.616960049,0.375515014,0.814437985,8.167169571
275,0,186,0,0,0,54.35329819,0.345295995,3.73251009,0.628069997,0.236319005,36.82099915
276,0,187,0,0,0,439.6440125,0.464334011,3.668100119,0.514854014,0.631177008,24.13229942
277,0,188,0,0,0,24.58950043,0.174390003,8.711079597,0.582593977,0.856553018,25.31780052
278,0,189,0,0,0,81.18240356,0.464334011,10.2446003,0.483565986,0.742371976,112.8840027
279,0,190,0,0,0,117.2979965,0.448354989,6.966790199,0,1.444390059,56.70610046
280,0,191,0,0,0,155.8670044,0.557461977,18.00930023,0.111230999,1.150460005,9.154640198
281,0,192,0,0,0,125.6650009,0.484021008,26.64450073,0.440075994,0.876410007,211.0130005
282,0,193,0,0,0,6.772109985,0,42.1114006,0.502650976,0.134436995,1269.410034
283,0,194,0,0,0,125.9599991,0.612273991,17.06110001,0.537591994,0.289620012,1.457389951
284,0,195,0,0,0,80.11450195,0.138723999,19.86930084,0.701180995,0.237535998,3.007849932
285,0,221,27.05629921,0.318309993,132.7350006,189.6419983,0.345295995,3.837359905,0,1.952160001,3.682770014
286,0,222,27.05629921,0.318309993,132.7350006,840.9030151,0.56408,18.33720016,0.264284015,0.952522993,8.172590256
287,0,223,0,0,0,0,0,42.67630005,0.429540992,0.056003299,17185.80078
288,0,224,0,0,0,48.95000076,0.309630007,27.63669968,0.483565986,0.897774994,106.0319977
289,0,225,0,0,0,22.34630013,0.154704005,11.50339985,0.471363008,0.143142,137.2019958
290,0,226,7.055089951,0.195975006,47.91579819,110.1330032,0,8.716910362,0.525389016,0.687023997,1152.099976
291,0,227,22.91830063,0.636619985,155.654007,111.5999985,0.464334011,3.714090109,0.636619985,0.411091,176.7859955
292,0,228,0,0,0,468.8420105,0.68571502,1.801859975,0.798223019,0.460878998,247.3099976
293,0,229,0,0,0,47.4695015,0.612273991,1.42881,0.318309993,0.703824997,87.43229675
294,0,230,137.3289948,57.90430069,1886.22998,22.03370094,0.154704005,7.831439972,0.582593977,0.46418801,6.961679935
295,0,231,735.2960205,310.0339966,10099.2998,21.81209946,0.448354989,9.08852005,0.636619985,0.405182004,94.88189697
296,0,232,508.9450073,214.5939941,6990.390137,10.89770031,0.484021008,8.770219803,0.031287599,1.218539953,637.1929932
297,0,233,0,0,0,30.01169968,0.0159794,28.67939949,0.318309993,0.252525985,95.88330078
298,0,234,0,0,0,7.253359795,0.464334011,21.36849976,0.318309993,0.80014199,1846.089966
299,0,235,0,0,0,101.4020004,0.190369993,8.96971035,0.448624998,0.982179999,146.576004
300,0,236,6.242249966,0.237800002,51.1269989,7.272190094,0.051645201,7.644989967,0.429540992,0.154889002,24.0237999
301,0,237,0,0,0,123.6600037,0.464334011,9.08728981,0.261105001,0.984905005,23.52190018
302,0,264,3.275680065,0.038537402,16.07010078,210.0829926,0.154704005,2.293359995,0,2.065769911,3.273269892
303,0,265,7.365290165,0.086650498,36.13330078,543.8989868,0.464334011,6.631979942,0,1.34247005,4.278100014
304,0,266,0,0,0,169.4869995,0.138723999,21.77009964,0.471363008,0.672012985,2.768889904
305,0,267,0,0,0,122.4860001,0.325610012,8.938570023,0.429540992,0.401995987,833.1389771
306,0,268,0,0,0,85.80090332,0.361276001,3.046309948,0.380885005,0.823081017,214.1430054
307,0,269,0,0,0,38.03239822,0.361276001,4.254389763,0.326858997,0.619364977,166.9859924
308,0,270,0,0,0,198.4230042,0.174390003,2.06069994,0.360132992,0.741330028,21.04560089
309,0,271,0,0,0,690.0549927,0.860334992,1.300199986,0.184340999,1.066509962,62.63339996
310,0,272,0,0,0,444.7059937,1.041170001,0.538712025,0,1.439509988,2.097909927
311,0,273,89.02140045,37.53540039,1222.709961,60.98329926,0.954973996,2.431890011,0.153053001,1.230370045,8.598970413
312,0,274,735.2960205,310.0339966,10099.2998,11.17539978,0.521795988,1.952520013,0.349597007,0.583276987,180.1560059
313,0,275,200.1629944,84.39759827,2749.25,52.17900085,0.572234988,2.658459902,0.165255994,0.895507991,19.23069954
314,0,276,0,0,0,28.77330017,0.051645201,13.17169952,0.184340999,0.899048984,18.42860031
315,0,277,0,0,0,101.0930023,0.484021008,20.47999954,0.031287599,1.169479966,42.12850189
316,0,278,10.2887001,0.391950011,84.26909637,42.20280075,0.361276001,23.30540085,0.022738099,1.25048995,187.5899963
317,0,279,33.42250061,1.27323997,273.7460022,20.43510056,0.035665799,29.72940063,0.471363008,0.358296007,387.4570007
318,0,280,23.13389969,0.881290019,189.477005,12.51379967,0.0159794,42.02769852,0.582593977,0.724729002,544.0180054
319,0,306,0,0,0,307.7399902,0.506618977,1.191179991,0,1.688860059,1.782469988
320,0,307,0,0,0,921.802002,0.376049012,1.192379951,0.264284015,0.709268987,4.284150124
321,0,308,0,0,0,364.6430054,0.361276001,2.6568501,0.318309993,0.392365992,1.274170041
322,0,309,0,0,0,545.1439819,0.68571502,2.421279907,0.287021995,0.653217971,2.046989918
323,0,310,0,0,0,83.63359833,0.484021008,3.753269911,0.318309993,0.442171007,186.8569946
324,0,311,0,0,0,369.4639893,0.484021008,6.511469841,0.031287599,1.401649952,15.96749973
325,0,312,0,0,0,230.8730011,0.521795988,3.435410023,0,1.568420053,41.32860184
326,0,313,0,0,0,21.80450058,0.051645201,1.997069955,0,1.766749978,699.3319702
327,0,314,0,0,0,250.1759949,0.196988001,2.760360003,0,2.183330059,41.7981987
328,0,315,0,0,0,80.5707016,0.376049012,2.296360016,0,1.361230016,58.45569992
329,0,316,0,0,0,4.841340065,0.325610012,3.000560045,0.582593977,0.554919004,432.7980042
330,0,317,0,0,0,5.520870209,0.154704005,9.438130379,0.525389016,0.574032009,141.5189972
331,0,318,0,0,0,87.09729767,0.464334011,4.837259769,0,1.483209968,109.7679977
332,0,319,0,0,0,36.12659836,0.0159794,17.80039978,0.264284015,0.636597991,191.1360016
333,0,320,4.046430111,0.154149994,33.14220047,26.20129967,0.035665799,25.82589912,0.318309993,0.457872003,216.4019928
334,0,321,13.14470005,0.500751972,107.6620026,0.52086699,0,26.09009933,0.207078993,0.807043016,2067.75
335,0,322,9.09829998,0.346601993,74.51940155,28.84889984,0.309630007,34.17779922,0.031287599,1.063439965,331.5939941
336,0,348,0,0,0,187.7669983,0.612273991,0.804687977,0,1.85315001,3.617660046
337,0,349,0,0,0,202.5200043,0.628252983,0.823710978,0.153053001,1.041489959,6.769139767
338,0,350,0,0,0,820.9069824,0.448354989,0.904987991,0.184340999,0.858366013,4.444709778
339,0,351,0,0,0,304.25,0.572234988,3.358910084,0.111230999,1.154819965,30.46050072
340,0,352,0,0,0,27.30620003,0.0159794,7.856210232,0.133968994,0.90802002,13.68879986
341,0,353,0,0,0,230.6289978,0.464334011,8.366470337,0.022738099,1.52165997,6.451660156
342,0,354,0,0,0,346.4049988,0.643025994,10.39820004,0.222461,0.992196023,3.114789963
343,0,355,0,0,0,45.32479858,0.5,22.24220085,0.483565986,0.808872998,32.38690186
344,0,356,0,0,0,303.4979858,0.87371099,5.404689789,0.022738099,1.524049997,41.61500168
345,0,357,0,0,0,236.8419952,0.653497994,1.027070045,0,1.432309985,31.57040024
346,0,358,0,0,0,228.0829926,0.361276001,8.475990295,0.264284015,0.853457987,2.675810099
347,0,359,69.39160156,2.228169918,351.7319946,44.53390121,0.035665799,21.03560066,0.341048002,0.79677701,509.9809875
348,0,360,69.39160156,2.228169918,351.7319946,22.85029984,0.154704005,16.29540062,0.133968994,0.898468018,690.3129883
349,0,361,0,0,0,94.52290344,0.325610012,4.573450089,0.175791994,0.993839979,279.0969849
350,0,362,0,0,0,58.25230026,0.612273991,11.00119972,0.184340999,0.889280021,290.6350098
351,0,363,0,0,0,6.68487978,0.154704005,17.84410095,0.287021995,0.70797801,487.302002
352,0,364,0,0,0,59.61529922,0.190369993,12.52600002,0.429540992,0.651866019,593.1439819
353,0,390,0,0,0,343.4200134,0.815705001,0.574783027,0,1.81348002,3.278100014
354,0,391,0,0,0,166.227005,0.612273991,2.942280054,0,1.617200017,13.33259964
355,0,392,0,0,0,124.4660034,0.464334011,2.638449907,0,1.411110044,16.30760002
356,0,393,0,0,0,34.40069962,0.190369993,9.213700294,0.264284015,0.765879989,32.18880081
357,0,394,0,0,0,135.6089935,0.051645201,11.84720039,0.318309993,0.281222999,77.65070343
358,0,395,0,0,0,47.41749954,0.0159794,8.425519943,0.054025698,1.25296998,34.26179886
359,0,396,3.13560009,0,21.45919991,30.69809914,0.345295995,15.70339966,0.528568029,0.718162,53.69449997
360,0,397,10.18589973,0,69.7098999,12.16919994,0.448354989,22.6644001,0.636619985,0.430839002,492.4379883
361,0,398,0,0,0,118.0800018,0.975852013,5.525539875,0.173805997,0.982370019,158.8739929
362,0,399,0,0,0,33.39360046,0.591986001,3.145829916,0.318309993,0.445170999,304.0299988
363,0,400,0,0,0,31.48970032,0.190369993,9.470749855,0.372336,0.310690999,295.4330139
364,0,401,40.25109863,1.292469978,204.0249939,72.91490173,0.0159794,28.34819984,0.582593977,0.708911002,183.5039978
365,0,402,27.29100037,0.876314998,138.3329926,60.02980042,0,33.63840103,0.318309993,0.246859998,440.322998
366,0,403,0,0,0,27.49539948,0.514773011,16.60110092,0.054025698,1.212110043,211.5970001
367,0,404,0,0,0,30.64430046,0.051645201,16.95299911,0.133968994,0.825478971,222.3070068
368,0,405,0,0,0,67.07279968,0,25.97260094,0.460828006,0.766551018,798.6569824
369,0,406,0,0,0,14.09969997,0.0159794,32.58390045,0.789672971,0.562241018,544.4699707
370,0,433,0,0,0,70.4701004,0.654703975,2.462199926,0.133968994,0.81399101,45.8280983
371,0,434,0,0,0,108.9779968,0.035665799,24.84000015,0.287021995,0.906288981,77.02249908
372,0,435,0,0,0,43.82490158,0.138723999,34.87979889,0.318309993,0.443365991,346.6610107
373,0,436,0,0,0,37.1631012,0.0159794,5.641270161,0.054025698,1.248990059,321.0360107
374,0,437,0,0,0,53.41270065,0.464334011,5.684420109,0.184340999,1.155830026,32.55619812
375,0,438,0,0,0,45.12850189,0.345295995,4.863029957,0,1.680960059,45.95819855
376,0,439,5.908410072,0,40.43569946,192.125,0.345295995,3.789400101,0,1.431789994,15.80860043
377,0,440,10.18589973,0,69.7098999,49.7779007,1.309630036,0.183735996,0.111230999,1.075819969,333.7980042
378,0,441,0,0,0,81.84919739,0.673249006,1.205410004,0.287021995,1.014389992,4.150619984
379,0,442,0,0,0,13.23480034,0.325610012,4.774650097,0.318309993,0.587256014,31.52659988
380,0,443,0,0,0,27.59029961,0.345295995,6.944399834,0.184340999,0.893095016,18.23889923
381,0,444,0,0,0,87.40049744,0.190369993,19.38389969,0.349597007,0.548892975,140.4609985
382,0,445,0,0,0,16.19949913,0.138723999,33.80879974,0.349597007,1.013440013,8.450070381
383,0,446,0,0,0,53.01750183,0,23.31990051,0.133968994,1.082239985,1053.869995
384,0,447,0,0,0,12.62660027,0,17.93309975,0.295572013,0.523322999,782.6309814
385,0,448,4.756000042,0.059450001,28.95210075,5.716519833,0.138723999,45.53689957,0.563508987,0.644383013,108.9540024
386,0,449,15.44979954,0.193122,94.05039978,48.12129974,0.154704005,35.14910126,0.295572013,0.685259998,25.92700005
387,0,81,6.015240192,0,35.69039917,23.97380066,0,15.40079975,0.448624998,0.677785993,36.87229919
388,0,102,3.899270058,0,23.13570023,48.04040146,0.154704005,19.62560081,0.153053001,0.953770995,92.94439697
389,0,103,0,0,0,56.42169952,0.035665799,15.85499954,0.184340999,0.820330977,-9999
390,0,125,0,0,0,14.40950012,0.196988001,6.343589783,0.054025698,1.050770044,40.76750183
391,0,126,0,0,0,35.84590149,0.448354989,7.656219959,0.264284015,0.762099981,9.447730064
392,0,157,16.05150032,0,66.4056015,328.0859985,0.051645201,15.63290024,0.483565986,0.396099001,5.557099819
393,0,158,85.9437027,0,355.552002,0,0.035665799,13.20810032,0.525389016,0.745603979,252.8249969
394,0,159,36.09140015,0,149.3119965,18.84939957,0.138723999,12.12619972,0.636619985,0.434845001,154.4190063
395,0,196,26.45660019,0,109.4520035,22.73839951,0,28.1060009,0.678443015,0.704446018,8.575119972
396,0,197,85.9437027,0,355.552002,13.21469975,0,50.78409958,0.636619985,0.266470999,23.81170082
397,0,198,23.39559937,0,96.78859711,67.53600311,0,34.70190048,0.690644979,0.45144701,3.186239958
398,0,238,0,0,0,21.71769905,0.190369993,21.01589966,0.165255994,1.121970057,495.8680115
399,0,239,0,0,0,20.31349945,0,71.41169739,0.452279001,0.529805005,408.3880005
400,0,240,12.04629993,0.231658995,70.19280243,2.94791007,0,134.1929932,1.045410037,0.613941014,476.8120117
401,0,281,0,0,0,4.982970238,0.0159794,65.8022995,0.582593977,0.245266005,133.4909973
402,0,282,0,0,0,0,0.035665799,80.30039978,0.801876009,0.302069992,1057.180054
403,0,283,16.55209923,0.318309993,96.44789886,47.31760025,0,147.5200043,1.139269948,0.401158988,-9999
404,0,323,29.60280037,0,163.9299927,5.649149895,0.138723999,55.84830093,0.448624998,0.928290009,148.6860046
405,0,324,26.01880074,0,144.0829926,2.30749011,0,42.94729996,0.800207973,0.716849983,138.6499939
406,0,365,17.17130089,0,95.08850098,6.153389931,0,9.571060181,0.605332017,0.277170002,1113.869995
407,0,366,20.48999977,0,113.4660034,26.33189964,0.448354989,3.93453002,0.659358025,0.246811002,124.3059998
408,0,407,0,0,0,29.35230064,0.361276001,15.47780037,0.820960999,0.25434801,337.3500061
409,0,450,10.69379997,0.133671999,65.09829712,28.14360046,0.484021008,27.06909943,0.525389016,0.839856982,78.00559998
410,0,460,0,0,0,3710.129883,1.697829962,0,0,1.564540029,0
411,0,461,0,0,0,4359.970215,1.606279969,0,0,1.556609988,0
412,0,462,0,0,0,2149.98999,2.06362009,0,0,2.09691,0
413,0,463,0,0,0,3838.439941,2.53392005,0,0,2.893270016,0
414,0,464,0,0,0,1458.839966,1.944350004,0,0,3.787640095,0
415,0,465,0,0,0,1717.47998,1.576120019,0,0,4.643569946,1.48687005
416,0,466,0,0,0,1039.280029,1.78046,0,0,3.677959919,0
417,0,467,0,0,0,848.8790283,2.418359995,0,0,2.683569908,0
418,0,468,0,0,0,927.4890137,3.245470047,0,0,1.695739985,0
419,0,469,0,0,0,203.3249969,3.615720034,0,0.264284015,0.741355002,0
420,0,470,0.192687005,0,0.693673015,17.60460091,3.542479992,0,0.318309993,0.473208994,0.273270011
421,0,471,0.625939012,0,2.25338006,543.3720093,2.715770006,0,0.031287599,1.377719998,1
422,0,472,0,0,0,562.789978,1.751170039,0,0,2.360549927,0.726729989
423,0,473,0,0,0,278.743988,0.87302798,0.169264004,0,3.166800022,0.273270011
424,0,474,0,0,0,220.5500031,0.688318014,0.536737025,0,3.017369986,0.444705993
425,0,475,0,0,0,91.36720276,0.673249006,0.318309993,0,2.02060008,0
426,0,476,3.208129883,0.267343998,11.49580002,67.52690125,0.376049012,1.860700011,0.264284015,1.030089974,4.190090179
427,0,507,0,0,0,1304.219971,0.87302798,0.450307012,0.287021995,0.703290999,0
428,0,508,0,0,0,478.6539917,0.688318014,0.46855101,0.318309993,0.685189009,0
429,0,509,0,0,0,936.7329712,1.463129997,0,0,1.563339949,0
430,0,510,0,0,0,3526.860107,1.697829962,0,0,2.533499956,0
431,0,511,0,0,0,1398.26001,1.267019987,0.169264004,0,3.520410061,0
432,0,512,0,0,0,1048.660034,0.612878978,0.650488973,0,4.513090134,0
433,0,513,0,0,0,797.5059814,1.025149941,0.346650988,0,3.896009922,0
434,0,514,0,0,0,275.95401,1.932440042,0,0,2.975359917,0.222352996
435,0,515,0,0,0,1078.160034,2.824419975,0,0,2.127310038,0
436,0,516,0,0,0,440.1719971,2.643870115,0,0,1.483330011,0
437,0,517,0,0,0,891.1740112,2.585259914,0,0,1.369480014,0
438,0,518,0,0,0,666.4660034,2.60007,0,0,1.884009957,0
439,0,519,0,0,0,833.3640137,1.722030044,0,0,2.552419901,0
440,0,520,0,0,0,1131.869995,0.815705001,0.269147009,0,2.178950071,0.670985997
441,0,521,0,0,0,630.1550293,0.612273991,0.636619985,0,2.222150087,0
442,0,522,2.351700068,0.195975006,8.426919937,246.548996,1.011860013,0.049941201,0,2.33604002,0
443,0,523,7.63944006,0.636619985,27.37470055,122.2870026,1.036219954,0.367832989,0,1.560410023,0
444,0,553,0,0,0,1389.369995,0.644232988,0.954930007,0.295572013,0.735248029,0
445,0,554,0,0,0,572.6489868,0.612273991,0.551988006,0.207078993,0.718001008,0
446,0,555,0,0,0,443.4609985,1.428290009,0,0,1.577769995,0
447,0,556,0,0,0,760.6810303,0.87302798,0.084632203,0,2.542399883,0
448,0,557,0,0,0,665.4619751,0.679898024,0.587457001,0,3.526819944,0
449,0,558,0,0,0,595.3300171,0.521795988,0.954930007,0,4.518089771,0
450,0,559,0,0,0,677.059021,0.975852013,0.551208973,0,3.98029995,0
451,0,560,0,0,0,583.3959961,1.905930042,0,0,3.084909916,0
452,0,561,0,0,0,463.7900085,2.265500069,0,0,2.278019905,0
453,0,562,0,0,0,1046.459961,1.697829962,0,0,1.692639947,0
454,0,563,0,0,0,849.7730103,1.606279969,0,0,1.593889952,0
455,0,564,0,0,0,1788.050049,2.06362009,0,0,2.052789927,0
456,0,565,0,0,0,1584.76001,1.572329998,0,0,1.811319947,0
457,0,566,0,0,0,593.1010132,1.054409981,0.338528991,0.111230999,1.211240053,0
458,0,567,0,0,0,293.256012,1.008419991,0.346650988,0.022738099,1.28718996,3.107559919
459,0,568,0.924898028,0.077074803,3.314219952,339.4920044,0.196988001,0.318309993,0,1.960749984,0
460,0,569,3.004509926,0.250375986,10.76620007,150.246994,0.860334992,0.268368989,0,2.410049915,2.508300066
461,0,597,0,0,0,2120.889893,0.612273991,0.318309993,0,1.608369946,0
462,0,598,0,0,0,2995.639893,1.114259958,0.068186,0,1.60066998,0
463,0,599,0,0,0,2274.530029,1.048900008,0,0,2.129440069,0
464,0,600,0,0,0,843.40802,0.815705001,0.134572998,0,2.839270115,0
465,0,601,0,0,0,1238.680054,0.612273991,0.318309993,0,3.596410036,0
466,0,602,0,0,0,576.4400024,1.342380047,0.168068007,0,4.342539787,0.273270011
467,0,603,0,0,0,1870.609985,1.691679955,0,0,3.70498991,0
468,0,604,0,0,0,1967.439941,2.353830099,0,0,2.720489979,0
469,0,605,0,0,0,976.5209961,1.751170039,0,0,1.753589988,0
470,0,606,0,0,0,570.3339844,0.87302798,0.500248015,0.264284015,0.866365016,0
471,0,607,0,0,0,410.1099854,0.688318014,0.536737025,0.318309993,0.653147995,0
472,0,608,0,0,0,488.3859863,1.463129997,0,0,1.448500037,0
473,0,609,0,0,0,380.7950134,1.165719986,0.084632203,0,1.413300037,0
474,0,610,0,0,0,49.12730026,0.196988001,1.27323997,0.318309993,0.430236012,0
475,0,611,0,0,0,111.3239975,0.376049012,1.138669968,0.318309993,0.610504985,1.278100014
476,0,612,0,0,0,879.9459839,0.954973996,0.202758998,0,1.600049973,0.717975974
477,0,613,0,0,0,534.4910278,1.288310051,0.118127003,0,2.597640038,0
478,0,641,0.954930007,0,17.50699997,1039.859985,1.114259958,0.200183004,0.022738099,1.474820018,0
479,0,642,0.401015997,0,7.351960182,1052.930054,0.673249006,0.584879994,0.133968994,1.085690022,0
480,0,643,0,0,0,397.2390137,0.051645201,0.636619985,0.022738099,1.429350019,0
481,0,644,0,0,0,479.2210083,0.860334992,0.299286991,0,2.215310097,0
482,0,645,0,0,0,858.4680176,1.507019997,0,0,3.126250029,0
483,0,646,0,0,0,1275.780029,1.987619996,0,0,3.355360031,0
484,0,647,0,0,0,273.1749878,2.586420059,0,0,3.355870008,0.226280004
485,0,648,0,0,0,1813.140015,2.591120005,0,0,2.682509899,0
486,0,649,0,0,0,831.0209961,1.722030044,0,0,1.721920013,0
487,0,650,0,0,0,1090.050049,0.815705001,0.405519009,0.264284015,0.799629986,0
488,0,651,0,0,0,244.9839935,0.612273991,0.636619985,0.318309993,0.560689986,0
489,0,652,0,0,0,315.8580017,1.428290009,0,0.031287599,1.409880042,0
490,0,653,0,0,0,480.8630066,1.506229997,0,0,1.648959994,0
491,0,654,0,0,0,772.8889771,0.98772198,0.472508997,0.184340999,0.951560974,0
492,0,655,0,0,0,823.3909912,1.036219954,0.272744,0.184340999,1.046390057,0.222352996
493,0,656,0,0,0,228.8880005,1.651489973,0,0,1.811750054,0
494,0,657,0,0,0,727.4899902,2.135809898,0,0,2.733089924,0
495,0,686,0.954930007,0,17.50699997,261.9819946,0.521391988,1.27323997,0.031287599,1.072530031,0
496,0,687,0.660968006,0,12.11769962,29.04369926,0.051645201,1.37311995,0.318309993,0.125513002,13.62230015
497,0,688,0,0,0,370.321991,0.809629977,0.535540998,0.054025698,0.938793004,0
498,0,689,0,0,0,380.7820129,1.288310051,0.068186,0,1.935670018,0
499,0,690,0,0,0,640.2910156,2.08246994,0,0,2.333790064,0
500,0,691,0,0,0,1684.680054,2.522219896,0,0,2.378920078,0
501,0,692,0,0,0,1527.160034,2.712820053,0,0,2.728820086,0
502,0,693,0,0,0,235.6869965,1.968000054,0,0,1.942489982,0
503,0,694,0,0,0,1514.170044,1.255130053,0.084632203,0,1.392670035,0
504,0,695,0,0,0,526.2150269,1.094750047,0,0.022738099,1.446030021,0.27809599
505,0,696,0,0,0,401.9429932,1.483219981,0,0,1.484060049,0
506,0,697,0,0,0,494.9899902,1.987619996,0,0,1.96886003,0
507,0,698,0,0,0,412.1109924,2.274719954,0,0,2.332070112,0
508,0,699,0,0,0,1095.390015,1.968029976,0,0,1.903789997,0
509,0,700,0,0,0,513.2800293,1.992259979,0,0,1.953080058,0
510,0,701,0,0,0,314.4110107,2.37748003,0,0,2.450079918,0
511,0,702,0,0,0,440.3259888,3.014980078,0,0,3.192209959,0
512,0,733,0,0,0,962.3660278,1.075590014,0.422567993,0,1.40971005,0
513,0,734,0,0,0,352.2449951,0.948355019,0.588059008,0.184340999,0.923685014,0
514,0,735,0,0,0,593.7440186,1.104900002,1.337669969,0.031287599,1.28471005,0.222352996
515,0,736,0,0,0,253.7799988,1.13053,1.617709994,0.022738099,1.410369992,0
516,0,737,0,0,0,231.3589935,1.576179981,0,0,1.359210014,0
517,0,738,0,0,0,451.6000061,1.606279969,0,0.022738099,1.435250044,0
518,0,739,0,0,0,455.8789978,2.06362009,0,0,2.066610098,0
519,0,740,0,0,0,847.0139771,1.66245997,0,0,1.454460025,0
520,0,741,0,0,0,445.7219849,0.673249006,0.954930007,0.318309993,0.532374978,0
521,0,742,0,0,0,55.23109818,0.376049012,0.954930007,0.318309993,0.674104989,1.334120035
522,0,743,0,0,0,460.4570007,1.354859948,0,0,1.620040059,0
523,0,744,0,0,0,749.4520264,2.347259998,0,0,2.606559992,0
524,0,745,0,0,0,844.0349731,3.073080063,0,0,3.187060118,0
525,0,746,0,0,0,1316.930054,2.961420059,0,0,2.888509989,-9999
526,0,770,0,0,0,1461.23999,0.688318014,0.623344004,0,1.970129967,0
527,0,771,0,0,0,733.8779907,0.551644981,1.526360035,0,1.485100031,0
528,0,772,0,0,0,127.6559982,0.591986001,12.10330009,0.318309993,0.546144009,5.034639835
529,0,773,0,0,0,119.3219986,0.376049012,11.64290047,0.318309993,0.624844015,88.94129944
530,0,774,0,0,0,379.2380066,0.830814004,0.318309993,0.318309993,0.498032004,0.27809599
531,0,775,0,0,0,112.2789993,0.688318014,0.318309993,0.318309993,0.677550972,0.678840995
532,0,776,0,0,0,141.4369965,1.463129997,0,0,1.633919954,1.338670015
533,0,777,0,0,0,384.3089905,1.867030025,0,0,1.567000031,0.27809599
534,0,778,0,0,0,106.9020004,1.170899987,0.354382008,0.184340999,0.789488018,22.87890053
535,0,779,0,0,0,792.6400146,1.036219954,0.354382008,0.184340999,0.891651988,0
536,0,780,0,0,0,173.8690033,1.657279968,0,0,1.72183001,0
537,0,805,0,0,0,28.85540009,0.612273991,1.191359997,0.133968994,0.982069016,10.78139973
538,0,806,0,0,0,60.55870056,0.448354989,1.659739971,0,1.50951004,9.379260063
539,0,807,0,0,0,260.9790039,0.521795988,6.220339775,0.184340999,0.83614701,2.780960083
540,0,808,0,0,0,195.746994,0.612273991,4.66741991,0.184340999,0.88885498,0
541,0,809,0,0,0,169.6519928,0.815705001,0.202758998,0.184340999,0.805262983,0
542,0,810,0,0,0,134.2089996,0.612273991,0.233677998,0.184340999,0.927294016,0
543,0,811,0,0,0,343.3970032,1.428290009,0,0,1.751950026,1.131399989
544,0,812,0,0,0,1033.060059,2.33536005,0,0,2.190119982,0
545,0,813,0,0,0,800.367981,2.067430019,0,0,1.721699953,0
546,0,814,0,0,0,364.6719971,1.992259979,0,0,1.771090031,-9999
547,0,837,0,0,0,9.419529915,0.376049012,0.386496007,0.318309993,0.193734005,0
548,0,838,0,0,0,550.9639893,1.073089957,0.346650988,0.054025698,1.182659984,0
549,0,839,0,0,0,599.5,1.428329945,0,0,1.760920048,0
550,0,840,0,0,0,843.4639893,1.507019997,0,0,1.786360025,0
551,0,841,0,0,0,917.0230103,0.87302798,0.200183004,0,1.746299982,0
552,0,842,0,0,0,375.3699951,0.688318014,0.200183004,0,1.806130052,0
553,0,863,0,0,0,431.7250061,0.653497994,1.073060036,0.184340999,1.054209948,0.222352996
554,0,864,0,0,0,89.31980133,0.376049012,0.954930007,0,1.572620034,0
555,0,865,0,0,0,399.5840149,1.301730037,0,0,2.415359974,0.504377007
556,0,866,0,0,0,398.2189941,1.086989999,0,0,2.755310059,0.773720026
557,0,867,0,0,0,333.8720093,0.815705001,0.318309993,0,2.729520082,0
558,0,868,0,0,0,385.3519897,0.612273991,0.318309993,0,2.768209934,2.677330017
559,0,884,0,0,0,316.0209961,1.036219954,0.354382008,0,2.355070114,0.27809599
560,0,885,0,0,0,241.0410004,1.127110004,0.942013979,0,2.984420061,3.846760035
561,0,886,0,0,0,251.5890045,0.196988001,2.228169918,0,3.737339973,6.005730152
562,0,887,0,0,0,467.9949951,0.860334992,1.286149979,0,3.721689939,0.273270011
563,0,888,0,0,0,1191.780029,1.507019997,0,0,3.750159979,0
564,0,477,0,0,0,102.625,0.376049012,1.909860015,0.318309993,0.190752,15.17660046
565,0,478,0,0,0,73.50469971,0.766978025,18.13809967,0.207078993,0.980940998,130.8529968
566,0,479,0,0,0,13.88370037,0.138723999,31.62509918,0.318309993,0.634518981,14.97439957
567,0,480,1.307899952,0,3.150850058,45.32849884,0.325610012,1.986019969,0.165255994,0.926766992,42.53860092
568,0,481,7.002820015,0,16.87039948,63.3288002,0.954958975,0.236254007,0.022738099,1.317680001,270.8720093
569,0,482,2.940779924,0,7.084619999,246.9329987,0.766978025,0.608277977,0,1.885570049,13.84370041
570,0,483,0,0,0,123.0550003,0.612273991,0.617596984,0,1.499639988,12.75990009
571,0,484,0,0,0,67.6242981,1.428290009,0,0.318309993,0.504135013,46.35279846
572,0,485,0,0,0,56.5821991,1.170899987,0.099882498,0.318309993,0.509244025,22.59860039
573,0,486,0,0,0,72.81770325,0.766978025,1.686300039,0,1.504819989,16.4538002
574,0,487,5.793660164,0,23.56089973,337.5450134,0.484021008,5.321800232,0.264284015,1.155900002,6.383600235
575,0,488,4.010159969,0,16.30800056,186.9689941,0.521795988,8.311499596,0.452279001,0.479378998,58.64110184
576,0,489,0,0,0,31.8586998,0.154704005,17.12490082,0.372336,0.495297015,298.0539856
577,0,490,0,0,0,75.24210358,0.345295995,17.60750008,0.318309993,0.518082023,171.4299927
578,0,491,0,0,0,25.4435997,0,23.35420036,0.264284015,0.849272013,416.4670105
579,0,492,7.838990211,0.097987399,47.71989822,0,0.0159794,47.32960129,0.636619985,0.166776001,9265.040039
580,0,493,25.46479988,0.318309993,155.0169983,7.138380051,0,42.68970108,0.372336,0.900889993,1132.369995
581,0,524,5.287740231,0.440645009,18.9477005,682.3200073,1.036219954,0.708763003,0.184340999,1.187559962,1.042160034
582,0,525,0,0,0,16.98920059,1.191789985,0.134572998,0,1.546110034,34.95479965
583,0,526,0,0,0,286.1260071,0.521795988,0.536319971,0,1.066009998,1.982489944
584,0,527,2.155719995,0,5.193329811,115.0210037,0.572234988,0.80846101,0.318309993,0.118708998,0.667059004
585,0,528,7.002820015,0,16.87039948,46.60319901,0.612878978,1.671030045,0.494100988,0.807126999,5.443809986
586,0,529,4.847099781,0,11.67710018,43.73529816,0.196988001,1.784600019,0.165255994,1.024090052,6.390480042
587,0,530,0,0,0,90.5617981,0.376049012,0.904987991,0,1.749259949,6.276659966
588,0,531,0,0,0,62.19729996,0.830814004,0.650488973,0.264284015,0.887673974,26.60700035
589,0,532,0,0,0,145.197998,0.688318014,0.939679027,0.349597007,0.718183994,53.44710159
590,0,533,2.939620018,0,11.9545002,22.94599915,0.196988001,1.313860059,0.022738099,1.490929961,15.93589973
591,0,534,9.549300194,0,38.83380127,153.7649994,0.138723999,15.22889996,0.264284015,0.555100024,4.695360184
592,0,535,6.609670162,0,26.87929916,170.6459961,0.376049012,14.11089993,0.318309993,0.461751997,11.82849979
593,0,536,0,0,0,107.401001,0.521795988,12.8451004,0.417338014,0.881295979,13.89789963
594,0,537,0,0,0,18.32390022,0,19.40390015,0.349597007,0.722590983,233.2539978
595,0,538,0,0,0,21.70870018,0.035665799,16.53549957,0,1.341809988,187.0670013
596,0,539,0,0,0,17.65340042,0.5,17.16970062,0.368681997,0.782033026,310.9949951
597,0,540,0,0,0,0.883599997,0.464334011,7.555089951,0.031287599,1.169939995,76.7322998
598,0,570,0,0,0,355.0299988,1.556030035,0,0,2.187269926,4.171440125
599,0,571,0,0,0,28.34029961,0.87302798,0.636619985,0,2.326430082,34.15409851
600,0,572,0,0,0,869.4959717,0.679898024,0.771193027,0,1.513679981,0
601,0,573,0,0,0,456.5870056,0.521795988,0.871854007,0.153053001,1.081730008,0
602,0,574,0,0,0,35.08530045,0.154704005,4.80934,0.318309993,0.399053991,7.181630135
603,0,575,0,0,0,221.5429993,0.361276001,3.097929955,0.452279001,0.735888004,3.122649908
604,0,576,0,0,0,168.2810059,1.036219954,0.204558,0,1.650390029,0.27809599
605,0,577,0,0,0,79.89420319,0.815705001,0.692911029,0.264284015,0.745898008,6.671899796
606,0,578,0,0,0,36.24319839,0.612273991,1.155110002,0.452279001,0.533500016,22.94720078
607,0,579,0,0,0,17.60460091,0.98772198,0.168068007,0.031287599,1.418329954,101.5360031
608,0,580,3.75564003,0,15.27289963,34.7757988,0.806344986,6.359049797,0.153053001,1.087859988,22.85820007
609,0,581,2.599509954,0,10.57139969,67.51100159,0.612273991,7.142720222,0.184340999,1.044239998,32.35929871
610,0,582,0,0,0,85.76159668,0.521795988,7.941420078,0.264284015,0.738286018,34.24359894
611,0,583,0,0,0,12.5248003,0.138723999,23.6093998,0.318309993,0.539492011,924.7490234
612,0,584,9.269860268,0.386243999,46.15620041,4.841340065,0,31.32320023,0.031287599,1.324669957,596.9160156
613,0,585,2.316590071,0.463319004,24.32419968,31.31970024,0,33.07099915,0.318309993,0.520241022,52.75559998
614,0,614,0,0,0,815.6450195,1.636839986,0,0,3.187170029,0
615,0,615,0,0,0,246.8880005,0.815705001,0.405519009,0,2.926779985,0
616,0,616,0,0,0,582.9050293,0.612273991,0.467355013,0,2.33375001,0
617,0,617,0,0,0,103.5739975,1.105839968,0.118127003,0,1.730000019,0
618,0,618,0,0,0,638.8950195,0.521795988,3.370189905,0.264284015,0.738321006,0.226280004
619,0,619,0,0,0,69.51439667,0.376049012,2.509449959,0.318309993,0.309520006,0
620,0,620,0,0,0,227.5200043,1.025149941,0.115549996,0.054025698,1.283200026,4.561019897
621,0,621,0,0,0,69.05000305,0.673249006,0.303838015,0.264284015,0.924248993,9.560009956
622,0,622,0,0,0,27.31679916,0.376049012,1.319219947,0.452279001,0.176129997,17.43560028
623,0,623,0,0,0,74.14880371,0.830814004,0.553183973,0.076763697,1.095839977,10.41160011
624,0,624,0,0,0,120.2409973,0.688318014,2.062249899,0.133968994,1.281780005,22.54920006
625,0,625,0,0,0,12.70530033,0.196988001,5.445960045,0.287021995,0.566295028,27.32570076
626,0,626,0,0,0,179.7709961,0.506618977,4.463150024,0.318309993,0.749237001,124.2850037
627,0,627,4.703390121,0.195975006,23.41900063,135.7720032,0.345295995,21.42090034,0,1.435299993,1.112390041
628,0,628,30.94309998,1.66861999,188.9839935,0,0.0159794,133.227005,0.574045002,0.705569983,267.2269897
629,0,629,24.33410072,1.73822999,161.4299927,17.29339981,0.309630007,127.552002,0.932192028,0.585076988,206.5549927
630,0,630,2.203219891,0.440645009,23.13389969,1.085610032,0,34.86199951,0.525389016,0.094175301,540.5800171
631,0,658,0,0,0,1856.780029,2.203660011,0,0,3.695559978,0
632,0,659,0,0,0,1377.939941,1.604259968,0,0,3.704440117,0.678840995
633,0,660,0,0,0,757.9450073,1.507019997,0,0,2.857539892,0
634,0,661,0,0,0,412.3880005,1.762639999,0,0,1.927819967,0
635,0,662,0,0,0,106.6389999,1.097800016,0.453662008,0.153053001,1.125620008,0
636,0,663,0,0,0,28.9864006,0.154704005,1.509490013,0.184340999,0.902890027,56.68109894
637,0,664,0,0,0,214.9309998,0.845296025,0.635841012,0,1.538980007,0
638,0,665,0,0,0,36.40999985,0.673249006,0.588235021,0.264284015,0.930023015,0.273270011
639,0,666,0,0,0,11.83969975,0.051645201,1.959800005,0.502650976,0.199183002,22.91139984
640,0,667,0,0,0,22.7310009,0.051645201,2.663830042,0.349597007,0.759953022,17.87540054
641,0,668,0,0,0,104.375,0.345295995,2.997920036,0.318309993,0.381411999,73.86560059
642,0,669,0,0,0,142.9579926,0.154704005,6.536839962,0.349597007,0.697529018,15.23379993
643,0,670,0,0,0,18.38319969,0.376049012,6.828539848,0.207078993,0.853260994,138.746994
644,0,671,0,0,0,6.989930153,0.361276001,12.20820045,0,1.633229971,30.89380074
645,0,672,21.28790092,1.205309987,138.7819977,69.21179962,0.138723999,95.99559784,0.528568029,0.814817011,12.93659973
646,0,673,10.57549953,0.660968006,75.35030365,46.93560028,0,62.59799957,0.414157987,0.726500988,8.270819664
647,0,674,0,0,0,79.01570129,0.035665799,10.41230011,0.184340999,1.00466001,8.076749802
648,0,703,0,0,0,901.03302,2.96243,0,0,4.046889782,0
649,0,704,0,0,0,406.25,2.54437995,0,0,4.163519859,0
650,0,705,0,0,0,393.4039917,2.483400106,0,0,3.299400091,0
651,0,706,0,0,0,733.2369995,1.250309944,0.099882498,0,1.996639967,0.499550015
652,0,707,0,0,0,223.0570068,0.521795988,0.754746974,0,1.879950047,0.27809599
653,0,708,0,0,0,217.9869995,0.975852013,0.204558,0,2.221349955,1.273270011
654,0,709,0,0,0,328.70401,1.097800016,0.234456003,0,1.482990026,2.273269892
655,0,710,0,0,0,167.7590027,0.190369993,0.840759993,0.184340999,1.171519995,2.94817996
656,0,711,0,0,0,225.1080017,0.809629977,0.774371982,0.153053001,1.038650036,1.953009963
657,0,712,0,0,0,147.677002,0.766978025,1.077010036,0.184340999,0.803350985,1.777649999
658,0,713,0,0,0,59.34700012,0.448354989,2.146889925,0,1.488989949,21.7826004
659,0,714,0,0,0,94.0766983,0.051645201,2.943559885,0,1.701069951,6.682769775
660,0,715,0,0,0,22.13240051,0.824404001,3.336679935,0,2.198090076,12.86670017
661,0,716,0,0,0,59.45360184,0.98772198,1.029649973,0,1.681759953,11.39529991
662,0,717,0,0,0,52.36729813,0.638724029,1.565189958,0,1.640840054,1.829460025
663,0,718,0,0,0,71.16190338,0.345295995,2.620409966,0.111230999,1.013550043,1.905120015
664,0,747,0,0,0,811.34198,1.288310051,0,0,1.242879987,1.94907999
665,0,748,0,0,0,462.1000061,1.054409981,0.200183004,0.287021995,0.745725989,0.551366985
666,0,749,0,0,0,121.0660019,0.815705001,0.302641988,0.022738099,1.254369974,0.448632985
667,0,750,0,0,0,270.3450012,0.612273991,0.620173991,0,2.141959906,0.499550015
668,0,751,0,0,0,159.8339996,1.288310051,0.068186,0,1.567980051,2.226279974
669,0,752,0,0,0,136.1029968,1.636839986,0,0.111230999,1.306300044,3
670,0,753,0,0,0,224.7910004,0.834250987,0.452883005,0,1.708549976,5.499549866
671,0,754,0,0,0,238.6410065,0.628252983,2.116149902,0.153053001,0.869108021,13.3998003
672,0,781,0,0,0,20.00939941,0.196988001,0.318309993,0.318309993,0.256803006,36.8905983
673,0,782,0.489937007,0,5.683269978,159.1660004,0.860334992,0.183735996,0.054025698,1.040140033,0.730656981
674,0,783,1.591549993,0,18.46199989,195.7590027,0.859790981,0.134572998,0,1.896039963,0.273270011
675,0,784,0.668359995,0,7.752980232,314.3630066,0.688318014,0.318309993,0.264284015,0.926176012,0.670985997
676,0,785,0,0,0,82.58519745,1.441529989,0.115549996,0.318309993,0.327683985,1.834290028
677,0,786,0,0,0,342.3479919,0.815705001,0.452883005,0.054025698,1.16542995,2.371180058
678,0,787,0,0,0,53.87260056,0.174390003,1.27323997,0,1.575690031,15.45580006
679,0,815,0,0,0,849.6370239,0.98772198,0.118127003,0,1.255319953,0
680,0,816,0.489937007,0,5.683269978,477.4679871,1.288310051,0,0,1.609850049,1.112390041
681,0,817,1.591549993,0,18.46199989,468.3080139,0.815705001,0.049941201,0,2.001739979,0.273270011
682,0,818,0.43325299,0,5.025730133,207.572998,0.612273991,0.318309993,0.153053001,1.121590018,0.546540022
683,0,819,0,0,0,231.1799927,1.428290009,0.068186,0.184340999,0.712657988,0.773720026
684,0,820,0,0,0,234.4160004,1.500890017,0,0.031287599,1.325760007,0.777647018
685,0,821,0,0,0,221.253006,0.98772198,0.302641988,0,2.237859964,1.111770034
686,0,843,0,0,0,378.5209961,1.987619996,0,0,1.705469966,-9999
687,0,844,0,0,0,188.6100006,1.66245997,0,0,2.039520025,0.999100983
688,0,845,0,0,0,256.1570129,0.673249006,0.250124007,0,2.722389936,0.226280004
689,0,494,17.62579918,0.220321998,107.2969971,2.894959927,0,33.1147995,0.318309993,0.098890103,596.6060181
690,0,495,0,0,0,15.39990044,0,39.55170059,0.372336,0.454461008,502.7210083
691,0,496,0,0,0,26.33760071,0.345295995,18.90819931,0.494100988,0.743296027,-9999
692,0,541,0,0,0,9.475979805,0.190369993,5.944379807,0.318309993,0.359917015,-9999
693,0,631,0,0,0,8.664429665,0.376049012,15.4531002,0.525389016,0.556012988,367.3770142
694,0,632,0,0,0,18.94099998,0.448354989,6.694019794,0.207078993,0.903110981,596.757019
695,0,675,0,0,0,71.01059723,0.612273991,5.272550106,0.215628996,0.868221998,44.69369888
696,0,676,0,0,0,46.69390106,0.653497994,1.925109982,0.429540992,0.872578025,29.90609932
697,0,677,5.315680027,0,31.05470085,69.45510101,0.542285025,6.509910107,0.429540992,0.533967018,12.52019978
698,0,678,0,0,0,73.73950195,0.464334011,3.365070105,0.372336,0.617063999,198.973999
699,0,679,0,0,0,54.40950012,0.975852013,0.221003994,0.207078993,0.996434987,50.04219818
700,0,719,0,0,0,29.7935009,0.376049012,3.122699976,0.318309993,0.674485981,66.13169861
701,0,720,0,0,0,148.9830017,0.659006,1.27955997,0.494100988,0.323808014,25.18020058
702,0,721,0,0,0,71.69000244,0.766978025,1.952039957,0.636619985,0.473832995,17.53700066
703,0,722,6.047890186,0,35.33240128,19.21890068,0.448354989,3.686700106,0.184340999,1.059309959,115.1100006
704,0,723,6.047890186,0,35.33240128,20.70549965,0.154704005,16.22179985,0.636619985,0.398871005,51.08499908
705,0,724,0,0,0,27.47109985,0.345295995,14.24489975,0.372336,0.678938985,29.22380066
706,0,725,0,0,0,140.6699982,0.530753016,1.502539992,0,1.430160046,11.50769997
707,0,726,0,0,0,40.49620056,0.376049012,0.780511975,0.318309993,0.470779985,13.37010002
708,0,727,0,0,0,-9999,0.830814004,0.568434,0.318309993,0.63191402,-9999
709,0,755,0,0,0,97.51159668,0.448354989,3.633409977,0.318309993,0.427839994,114.1179962
710,0,756,0,0,0,80.17970276,0.484021008,1.481389999,0.184340999,1.103770018,7.879149914
711,0,757,0,0,0,108.7009964,0.361276001,1.357869983,0.031287599,1.262490034,61.61090088
712,0,758,0,0,0,76.51989746,0.035665799,1.372339964,0.133968994,0.892618001,21.56380081
713,0,759,0,0,0,43.24240112,0.634872019,6.614930153,0.207078993,0.862343013,28.21839905
714,0,760,0,0,0,9.680279732,0.174390003,5.308189869,0.184340999,1.010349989,35.85200119
715,0,761,0,0,0,74.89649963,0.448354989,2.605159998,0.111230999,1.310989976,27.45299911
716,0,762,3.476200104,0.193122,15.64290047,1.180709958,0.954958975,0.822154999,0.184340999,0.882721007,174.1179962
717,0,763,0,0,0,162.0850067,0.782957017,0.636619985,0.184340999,0.97905302,20.95569992
718,0,788,0,0,0,65.79679871,0.376049012,0.954930007,0,1.382410049,8.452280045
719,0,789,0,0,0,198.526001,0.196988001,0.571011007,0,1.826730013,2.063879967
720,0,790,0,0,0,71.3361969,0.190369993,0.720055997,0,1.120859981,14.59430027
721,0,791,0,0,0,84.94629669,0.628252983,0.957506001,0.318309993,0.174098,12.17329979
722,0,792,0,0,0,67.0266037,0.542285025,0.70480603,0.207078993,0.895439982,9.686610222
723,0,793,0,0,0,107.0810013,0.521795988,4.563199997,0,1.202800035,96.1088028
724,0,794,1.763769984,0.097987399,7.936979771,3.163150072,0.190369993,17.42239952,0.318309993,0.344967991,458.3439941
725,0,795,5.729579926,0.318309993,25.78310013,62.86999893,0.521391988,11.9769001,0.165255994,0.889608979,24.49690056
726,0,796,3.965810061,0.220321998,17.84609985,41.40679932,0.051645201,2.073970079,0,1.836269975,16.42379951
727,0,822,0,0,0,232.0370026,1.036219954,0.301863998,0,2.374690056,0.495622993
728,0,823,0,0,0,441.3450012,0.98772198,0.233677998,0,2.388489962,6.507599831
729,0,824,0,0,0,16.30080032,0.98772198,0.186313003,0,1.577039957,4.053609848
730,0,825,0,0,0,87.69380188,0.806344986,0.320886999,0.153053001,1.123329997,12.57450008
731,0,826,0,0,0,93.27619934,0.448354989,0.551988006,0.031287599,1.426480055,9.224769592
732,0,827,0,0,0,460.5669861,0.975852013,0.183735996,0,1.358909965,20.33200073
733,0,828,0,0,0,52.07279968,0.98772198,10.01809978,0.184340999,0.721104026,34.82860184
734,0,829,2.25338006,0.125187993,10.14019966,184.7850037,0.806344986,7.621479988,0.165255994,0.972927988,183.2519989
735,0,830,1.559710026,0.086650498,7.018690109,153.2259979,0.612273991,5.959280014,0.022738099,1.296110034,183.3760071
736,0,846,0,0,0,260.7189941,0.376049012,0.318309993,0,3.020370007,7.873919964
737,0,847,0,0,0,236.5850067,1.349069953,0,0,2.042700052,0.670985997
738,0,848,0,0,0,336.2250061,1.282449961,0.219206005,0.111230999,1.105419993,2.282020092
739,0,849,0,0,0,154.4640045,0.612878978,0.636619985,0.318309993,0.521203995,311.144989
740,0,850,0,0,0,106.0660019,0.991831005,0.231101006,0.054025698,1.150110006,6.66738987
741,0,851,0,0,0,122.1780014,1.221339941,0.084632203,0,1.493430018,72.00930023
742,0,852,0,0,0,28.8125,1.051650047,0.600548029,0.133968994,0.949532986,225.6580048
743,0,853,0,0,0,136.572998,0.673249006,12.0958004,0.341048002,0.150095001,143.4230042
744,0,854,0,0,0,17.0883007,0.376049012,13.00510025,0.318309993,0.868722022,34.94639969
745,0,869,0,0,0,255.8950043,1.036219954,0.118127003,0,2.678030014,-9999
746,0,870,0,0,0,150.4620056,1.657279968,0,0,2.034169912,6.440289974
747,0,871,0,0,0,80.49089813,1.250309944,0.099882498,0.153053001,1.089519978,5.576300144
748,0,872,0,0,0,422.9790039,0.521795988,0.636619985,0.318309993,0.485718995,5.866260052
749,0,873,0,0,0,44.64839935,0.721379995,0.855825007,0.165255994,1.068789959,96.20449829
750,0,874,0,0,0,146.1730042,0.530753016,1.37432003,0.318309993,0.636276007,10.23779964
751,0,875,0,0,0,6.23913002,0.051645201,0.954930007,0.341048002,0.189021006,69.07170105
752,0,876,0,0,0,24.00720024,0.831022978,3.981960058,0.471363008,0.841724992,125.8690033
753,0,877,0,0,0,7.734529972,0.521795988,4.875329971,0.031287599,1.352149963,146.8240051
754,0,889,0,0,0,700.9699707,1.599979997,0,0,1.587839961,0
755,0,890,0,0,0,794.3560181,1.775060058,0,0,1.774549961,0.495622993
756,0,891,0,0,0,712.0239868,1.474640012,0,0,1.483299971,4.386350155
757,0,892,0,0,0,94.26049805,0.654703975,0.926587999,0.264284015,0.991167009,5.342589855
758,0,893,0,0,0,98.00969696,0.345295995,1.641489983,0.318309993,0.388565987,8.504050255
759,0,894,0,0,0,178.9299927,0.867092013,0.46993199,0.207078993,1.069110036,25.57729912
760,0,895,0,0,0,13.56919956,1.031810045,0.200183004,0.031287599,1.355769992,24.23520088
761,0,896,8.912679672,2.54647994,114.5920029,117.5810013,1.293030024,0,0,1.770050049,124.2330017
762,0,1,-9999,-9999,-9999,-9999,-9999,-9999,-9999,-9999,-9999
763,0,2,-9999,-9999,-9999,-9999,-9999,-9999,-9999,-9999,-9999
764,0,160,-9999,-9999,-9999,-9999,-9999,-9999,-9999,-9999,-9999
765,0,161,-9999,-9999,-9999,-9999,-9999,-9999,-9999,-9999,-9999
766,0,199,-9999,-9999,-9999,-9999,-9999,-9999,-9999,-9999,-9999
767,0,200,-9999,-9999,-9999,-9999,-9999,-9999,-9999,-9999,-9999
768,0,201,-9999,-9999,-9999,-9999,-9999,-9999,-9999,-9999,-9999
769,0,202,-9999,-9999,-9999,-9999,-9999,-9999,-9999,-9999,-9999
770,0,203,-9999,-9999,-9999,-9999,-9999,-9999,-9999,-9999,-9999
771,0,241,-9999,-9999,-9999,-9999,-9999,-9999,-9999,-9999,-9999
772,0,242,-9999,-9999,-9999,-9999,-9999,-9999,-9999,-9999,-9999
773,0,243,-9999,-9999,-9999,-9999,-9999,-9999,-9999,-9999,-9999
774,0,244,-9999,-9999,-9999,-9999,-9999,-9999,-9999,-9999,-9999
775,0,245,-9999,-9999,-9999,-9999,-9999,-9999,-9999,-9999,-9999
776,0,246,-9999,-9999,-9999,-9999,-9999,-9999,-9999,-9999,-9999
777,0,284,-9999,-9999,-9999,-9999,-9999,-9999,-9999,-9999,-9999
778,0,285,-9999,-9999,-9999,-9999,-9999,-9999,-9999,-9999,-9999
779,0,286,-9999,-9999,-9999,-9999,-9999,-9999,-9999,-9999,-9999
780,0,287,-9999,-9999,-9999,-9999,-9999,-9999,-9999,-9999,-9999
781,0,288,-9999,-9999,-9999,-9999,-9999,-9999,-9999,-9999,-9999
782,0,325,-9999,-9999,-9999,-9999,-9999,-9999,-9999,-9999,-9999
783,0,326,-9999,-9999,-9999,-9999,-9999,-9999,-9999,-9999,-9999
784,0,327,-9999,-9999,-9999,-9999,-9999,-9999,-9999,-9999,-9999
785,0,328,-9999,-9999,-9999,-9999,-9999,-9999,-9999,-9999,-9999
786,0,329,-9999,-9999,-9999,-9999,-9999,-9999,-9999,-9999,-9999
787,0,330,-9999,-9999,-9999,-9999,-9999,-9999,-9999,-9999,-9999
788,0,367,-9999,-9999,-9999,-9999,-9999,-9999,-9999,-9999,-9999
789,0,368,-9999,-9999,-9999,-9999,-9999,-9999,-9999,-9999,-9999
790,0,369,-9999,-9999,-9999,-9999,-9999,-9999,-9999,-9999,-9999
791,0,370,-9999,-9999,-9999,-9999,-9999,-9999,-9999,-9999,-9999
792,0,371,-9999,-9999,-9999,-9999,-9999,-9999,-9999,-9999,-9999
793,0,372,-9999,-9999,-9999,-9999,-9999,-9999,-9999,-9999,-9999
794,0,408,-9999,-9999,-9999,-9999,-9999,-9999,-9999,-9999,-9999
795,0,409,-9999,-9999,-9999,-9999,-9999,-9999,-9999,-9999,-9999
796,0,410,-9999,-9999,-9999,-9999,-9999,-9999,-9999,-9999,-9999
797,0,411,-9999,-9999,-9999,-9999,-9999,-9999,-9999,-9999,-9999
798,0,412,-9999,-9999,-9999,-9999,-9999,-9999,-9999,-9999,-9999
799,0,413,-9999,-9999,-9999,-9999,-9999,-9999,-9999,-9999,-9999
800,0,414,-9999,-9999,-9999,-9999,-9999,-9999,-9999,-9999,-9999
801,0,415,-9999,-9999,-9999,-9999,-9999,-9999,-9999,-9999,-9999
802,0,451,-9999,-9999,-9999,-9999,-9999,-9999,-9999,-9999,-9999
803,0,452,-9999,-9999,-9999,-9999,-9999,-9999,-9999,-9999,-9999
804,0,453,-9999,-9999,-9999,-9999,-9999,-9999,-9999,-9999,-9999
805,0,454,-9999,-9999,-9999,-9999,-9999,-9999,-9999,-9999,-9999
806,0,455,-9999,-9999,-9999,-9999,-9999,-9999,-9999,-9999,-9999
807,0,456,-9999,-9999,-9999,-9999,-9999,-9999,-9999,-9999,-9999
808,0,457,-9999,-9999,-9999,-9999,-9999,-9999,-9999,-9999,-9999
809,0,458,-9999,-9999,-9999,-9999,-9999,-9999,-9999,-9999,-9999
810,0,459,-9999,-9999,-9999,-9999,-9999,-9999,-9999,-9999,-9999
811,0,497,-9999,-9999,-9999,-9999,-9999,-9999,-9999,-9999,-9999
812,0,498,-9999,-9999,-9999,-9999,-9999,-9999,-9999,-9999,-9999
813,0,499,-9999,-9999,-9999,-9999,-9999,-9999,-9999,-9999,-9999
814,0,500,-9999,-9999,-9999,-9999,-9999,-9999,-9999,-9999,-9999
815,0,501,-9999,-9999,-9999,-9999,-9999,-9999,-9999,-9999,-9999
816,0,502,-9999,-9999,-9999,-9999,-9999,-9999,-9999,-9999,-9999
817,0,503,-9999,-9999,-9999,-9999,-9999,-9999,-9999,-9999,-9999
818,0,504,-9999,-9999,-9999,-9999,-9999,-9999,-9999,-9999,-9999
819,0,505,-9999,-9999,-9999,-9999,-9999,-9999,-9999,-9999,-9999
820,0,506,-9999,-9999,-9999,-9999,-9999,-9999,-9999,-9999,-9999
821,0,542,-9999,-9999,-9999,-9999,-9999,-9999,-9999,-9999,-9999
822,0,543,-9999,-9999,-9999,-9999,-9999,-9999,-9999,-9999,-9999
823,0,544,-9999,-9999,-9999,-9999,-9999,-9999,-9999,-9999,-9999
824,0,545,-9999,-9999,-9999,-9999,-9999,-9999,-9999,-9999,-9999
825,0,546,-9999,-9999,-9999,-9999,-9999,-9999,-9999,-9999,-9999
826,0,547,-9999,-9999,-9999,-9999,-9999,-9999,-9999,-9999,-9999
827,0,548,-9999,-9999,-9999,-9999,-9999,-9999,-9999,-9999,-9999
828,0,549,-9999,-9999,-9999,-9999,-9999,-9999,-9999,-9999,-9999
829,0,550,-9999,-9999,-9999,-9999,-9999,-9999,-9999,-9999,-9999
830,0,551,-9999,-9999,-9999,-9999,-9999,-9999,-9999,-9999,-9999
831,0,552,-9999,-9999,-9999,-9999,-9999,-9999,-9999,-9999,-9999
832,0,586,-9999,-9999,-9999,-9999,-9999,-9999,-9999,-9999,-9999
833,0,587,-9999,-9999,-9999,-9999,-9999,-9999,-9999,-9999,-9999
834,0,588,-9999,-9999,-9999,-9999,-9999,-9999,-9999,-9999,-9999
835,0,589,-9999,-9999,-9999,-9999,-9999,-9999,-9999,-9999,-9999
836,0,590,-9999,-9999,-9999,-9999,-9999,-9999,-9999,-9999,-9999
837,0,591,-9999,-9999,-9999,-9999,-9999,-9999,-9999,-9999,-9999
838,0,592,-9999,-9999,-9999,-9999,-9999,-9999,-9999,-9999,-9999
839,0,593,-9999,-9999,-9999,-9999,-9999,-9999,-9999,-9999,-9999
840,0,594,-9999,-9999,-9999,-9999,-9999,-9999,-9999,-9999,-9999
841,0,595,-9999,-9999,-9999,-9999,-9999,-9999,-9999,-9999,-9999
842,0,596,-9999,-9999,-9999,-9999,-9999,-9999,-9999,-9999,-9999
843,0,633,-9999,-9999,-9999,-9999,-9999,-9999,-9999,-9999,-9999
844,0,634,-9999,-9999,-9999,-9999,-9999,-9999,-9999,-9999,-9999
845,0,635,-9999,-9999,-9999,-9999,-9999,-9999,-9999,-9999,-9999
846,0,636,-9999,-9999,-9999,-9999,-9999,-9999,-9999,-9999,-9999
847,0,637,-9999,-9999,-9999,-9999,-9999,-9999,-9999,-9999,-9999
848,0,638,-9999,-9999,-9999,-9999,-9999,-9999,-9999,-9999,-9999
849,0,639,-9999,-9999,-9999,-9999,-9999,-9999,-9999,-9999,-9999
850,0,640,-9999,-9999,-9999,-9999,-9999,-9999,-9999,-9999,-9999
851,0,680,-9999,-9999,-9999,-9999,-9999,-9999,-9999,-9999,-9999
852,0,681,-9999,-9999,-9999,-9999,-9999,-9999,-9999,-9999,-9999
853,0,682,-9999,-9999,-9999,-9999,-9999,-9999,-9999,-9999,-9999
854,0,683,-9999,-9999,-9999,-9999,-9999,-9999,-9999,-9999,-9999
855,0,684,-9999,-9999,-9999,-9999,-9999,-9999,-9999,-9999,-9999
856,0,685,-9999,-9999,-9999,-9999,-9999,-9999,-9999,-9999,-9999
857,0,728,-9999,-9999,-9999,-9999,-9999,-9999,-9999,-9999,-9999
858,0,729,-9999,-9999,-9999,-9999,-9999,-9999,-9999,-9999,-9999
859,0,730,-9999,-9999,-9999,-9999,-9999,-9999,-9999,-9999,-9999
860,0,731,-9999,-9999,-9999,-9999,-9999,-9999,-9999,-9999,-9999
861,0,732,-9999,-9999,-9999,-9999,-9999,-9999,-9999,-9999,-9999
862,0,764,-9999,-9999,-9999,-9999,-9999,-9999,-9999,-9999,-9999
863,0,765,-9999,-9999,-9999,-9999,-9999,-9999,-9999,-9999,-9999
864,0,766,-9999,-9999,-9999,-9999,-9999,-9999,-9999,-9999,-9999
865,0,767,-9999,-9999,-9999,-9999,-9999,-9999,-9999,-9999,-9999
866,0,768,-9999,-9999,-9999,-9999,-9999,-9999,-9999,-9999,-9999
867,0,769,-9999,-9999,-9999,-9999,-9999,-9999,-9999,-9999,-9999
868,0,797,-9999,-9999,-9999,-9999,-9999,-9999,-9999,-9999,-9999
869,0,798,-9999,-9999,-9999,-9999,-9999,-9999,-9999,-9999,-9999
870,0,799,-9999,-9999,-9999,-9999,-9999,-9999,-9999,-9999,-9999
871,0,800,-9999,-9999,-9999,-9999,-9999,-9999,-9999,-9999,-9999
872,0,801,-9999,-9999,-9999,-9999,-9999,-9999,-9999,-9999,-9999
873,0,802,-9999,-9999,-9999,-9999,-9999,-9999,-9999,-9999,-9999
874,0,803,-9999,-9999,-9999,-9999,-9999,-9999,-9999,-9999,-9999
875,0,804,-9999,-9999,-9999,-9999,-9999,-9999,-9999,-9999,-9999
876,0,831,-9999,-9999,-9999,-9999,-9999,-9999,-9999,-9999,-9999
877,0,832,-9999,-9999,-9999,-9999,-9999,-9999,-9999,-9999,-9999
878,0,833,-9999,-9999,-9999,-9999,-9999,-9999,-9999,-9999,-9999
879,0,834,-9999,-9999,-9999,-9999,-9999,-9999,-9999,-9999,-9999
880,0,835,-9999,-9999,-9999,-9999,-9999,-9999,-9999,-9999,-9999
881,0,836,-9999,-9999,-9999,-9999,-9999,-9999,-9999,-9999,-9999
882,0,855,-9999,-9999,-9999,-9999,-9999,-9999,-9999,-9999,-9999
883,0,856,-9999,-9999,-9999,-9999,-9999,-9999,-9999,-9999,-9999
884,0,857,-9999,-9999,-9999,-9999,-9999,-9999,-9999,-9999,-9999
885,0,858,-9999,-9999,-9999,-9999,-9999,-9999,-9999,-9999,-9999
886,0,859,-9999,-9999,-9999,-9999,-9999,-9999,-9999,-9999,-9999
887,0,860,-9999,-9999,-9999,-9999,-9999,-9999,-9999,-9999,-9999
888,0,861,-9999,-9999,-9999,-9999,-9999,-9999,-9999,-9999,-9999
889,0,862,-9999,-9999,-9999,-9999,-9999,-9999,-9999,-9999,-9999
890,0,878,-9999,-9999,-9999,-9999,-9999,-9999,-9999,-9999,-9999
891,0,879,-9999,-9999,-9999,-9999,-9999,-9999,-9999,-9999,-9999
892,0,880,-9999,-9999,-9999,-9999,-9999,-9999,-9999,-9999,-9999
893,0,881,-9999,-9999,-9999,-9999,-9999,-9999,-9999,-9999,-9999
894,0,882,-9999,-9999,-9999,-9999,-9999,-9999,-9999,-9999,-9999
895,0,883,-9999,-9999,-9999,-9999,-9999,-9999,-9999,-9999,-9999
896,0,897,-9999,-9999,-9999,-9999,-9999,-9999,-9999,-9999,-9999
897,0,898,-9999,-9999,-9999,-9999,-9999,-9999,-9999,-9999,-9999
898,0,899,-9999,-9999,-9999,-9999,-9999,-9999,-9999,-9999,-9999
899,0,900,-9999,-9999,-9999,-9999,-9999,-9999,-9999,-9999,-9999
900,0,901,-9999,-9999,-9999,-9999,-9999,-9999,-9999,-9999,-9999
901,0,902,-9999,-9999,-9999,-9999,-9999,-9999,-9999,-9999,-9999
902,0,903,-9999,-9999,-9999,-9999,-9999,-9999,-9999,-9999,-9999
903,0,904,-9999,-9999,-9999,-9999,-9999,-9999,-9999,-9999,-9999
904,0,905,-9999,-9999,-9999,-9999,-9999,-9999,-9999,-9999,-9999
905,0,906,-9999,-9999,-9999,-9999,-9999,-9999,-9999,-9999,-9999
906,0,907,-9999,-9999,-9999,-9999,-9999,-9999,-9999,-9999,-9999
907,0,908,-9999,-9999,-9999,-9999,-9999,-9999,-9999,-9999,-9999
908,0,909,-9999,-9999,-9999,-9999,-9999,-9999,-9999,-9999,-9999
909,0,910,-9999,-9999,-9999,-9999,-9999,-9999,-9999,-9999,-9999
910,0,911,-9999,-9999,-9999,-9999,-9999,-9999,-9999,-9999,-9999
911,0,912,-9999,-9999,-9999,-9999,-9999,-9999,-9999,-9999,-9999
912,0,913,-9999,-9999,-9999,-9999,-9999,-9999,-9999,-9999,-9999
913,0,914,-9999,-9999,-9999,-9999,-9999,-9999,-9999,-9999,-9999
914,0,915,-9999,-9999,-9999,-9999,-9999,-9999,-9999,-9999,-9999
915,0,916,-9999,-9999,-9999,-9999,-9999,-9999,-9999,-9999,-9999
916,0,917,-9999,-9999,-9999,-9999,-9999,-9999,-9999,-9999,-9999
917,0,918,-9999,-9999,-9999,-9999,-9999,-9999,-9999,-9999,-9999
918,0,919,-9999,-9999,-9999,-9999,-9999,-9999,-9999,-9999,-9999
919,0,920,-9999,-9999,-9999,-9999,-9999,-9999,-9999,-9999,-9999
920,0,921,-9999,-9999,-9999,-9999,-9999,-9999,-9999,-9999,-9999
921,0,922,-9999,-9999,-9999,-9999,-9999,-9999,-9999,-9999,-9999
922,0,923,-9999,-9999,-9999,-9999,-9999,-9999,-9999,-9999,-9999
923,0,924,-9999,-9999,-9999,-9999,-9999,-9999,-9999,-9999,-9999
924,0,925,-9999,-9999,-9999,-9999,-9999,-9999,-9999,-9999,-9999
925,0,926,-9999,-9999,-9999,-9999,-9999,-9999,-9999,-9999,-9999
926,0,927,-9999,-9999,-9999,-9999,-9999,-9999,-9999,-9999,-9999
927,0,928,-9999,-9999,-9999,-9999,-9999,-9999,-9999,-9999,-9999
928,0,929,-9999,-9999,-9999,-9999,-9999,-9999,-9999,-9999,-9999
929,0,930,-9999,-9999,-9999,-9999,-9999,-9999,-9999,-9999,-9999
930,0,931,-9999,-9999,-9999,-9999,-9999,-9999,-9999,-9999,-9999
931,0,932,-9999,-9999,-9999,-9999,-9999,-9999,-9999,-9999,-9999
932,0,933,-9999,-9999,-9999,-9999,-9999,-9999,-9999,-9999,-9999
933,0,934,-9999,-9999,-9999,-9999,-9999,-9999,-9999,-9999,-9999
934,0,935,-9999,-9999,-9999,-9999,-9999,-9999,-9999,-9999,-9999
935,0,936,-9999,-9999,-9999,-9999,-9999,-9999,-9999,-9999,-9999
936,0,937,-9999,-9999,-9999,-9999,-9999,-9999,-9999,-9999,-9999
937,0,938,-9999,-9999,-9999,-9999,-9999,-9999,-9999,-9999,-9999
938,0,939,-9999,-9999,-9999,-9999,-9999,-9999,-9999,-9999,-9999
939,0,940,-9999,-9999,-9999,-9999,-9999,-9999,-9999,-9999,-9999
940,0,941,-9999,-9999,-9999,-9999,-9999,-9999,-9999,-9999,-9999
941,0,942,-9999,-9999,-9999,-9999,-9999,-9999,-9999,-9999,-9999
942,0,943,-9999,-9999,-9999,-9999,-9999,-9999,-9999,-9999,-9999
943,0,944,-9999,-9999,-9999,-9999,-9999,-9999,-9999,-9999,-9999
944,0,945,-9999,-9999,-9999,-9999,-9999,-9999,-9999,-9999,-9999
945,0,946,-9999,-9999,-9999,-9999,-9999,-9999,-9999,-9999,-9999
946,0,947,-9999,-9999,-9999,-9999,-9999,-9999,-9999,-9999,-9999
947,0,948,-9999,-9999,-9999,-9999,-9999,-9999,-9999,-9999,-9999
948,0,949,-9999,-9999,-9999,-9999,-9999,-9999,-9999,-9999,-9999